id,customer_message,true_intent,predicted_intent,intent_confidence,retrieval_similarity,decision,reason,generated_response,evidence_customer,evidence_response,relevance,groundedness,helpfulness,evidence_similarity,overall_response_score
828308,I have already given all the info as asked by link sent by Akshya. Ask your courier to collect your return package from my house.,return_refund,return_refund,0.35598376576342045,1.0000000000000002,AUTO_HANDLE,intent confidence and historical evidence meet the automation criteria,Thanks for reaching out. Please share your info through a desktop/laptop only. (2/2),I have already given all the info as asked by link sent by Akshya. Ask your courier to collect your return package from my house.,Please share your info through a desktop/laptop only. (2/2),0.13333333333333333,0.8,0.3333333333333333,0.6853880419233518,0.48947487295516934
980709,With that response I guess you didn't read my message clearly. IT WAS NOT LEFT IN MY SAFE PLACE!!!! It was left on top of a bin!!! I do have,order_delivery,order_delivery,0.21622960747884298,1.0,ESCALATE,low intent confidence,"Thanks for reaching out. Hi Steve. Did you nominate a 'safe place' for deliveries? If so, can you check there for your order?",With that response I guess you didn't read my message clearly. IT WAS NOT LEFT IN MY SAFE PLACE!!!! It was left on top of a bin!!! I do have,"Hi Steve. Did you nominate a 'safe place' for deliveries? If so, can you check there for your order?",0.16666666666666666,0.8181818181818182,0.3333333333333333,0.826253287234524,0.5269682961154816
80585,It has essentially looked like this every day since Monday...,general_feedback,general_feedback,0.23517068409794262,1.0,ESCALATE,low intent confidence,Thanks for reaching out. I'm sorry your order has yet to arrive! What does the most recent tracking update from the carrier show here:,It has essentially looked like this every day since Monday...,I'm sorry your order has yet to arrive! What does the most recent tracking update from the carrier show here:,0.0,0.875,0.3333333333333333,0.8093107136677958,0.494313273716836
234828,I tried emailing and on the phone it’s on 1 account they don’t know why I’ve been charged twice but now I’m just without prime😡😡😢😢,payment_billing,payment_billing,0.5909836948157812,1.0000000000000002,ESCALATE,issue may require account-specific information,"Thanks for reaching out. Very sorry to hear this.If you were charged twice, this must have occurred on different accounts. Have you reached out to us?",I tried emailing and on the phone it’s on 1 account they don’t know why I’ve been charged twice but now I’m just without prime😡😡😢😢,"Very sorry to hear this.If you were charged twice, this must have occurred on different accounts. Have you reached out to us?",0.16666666666666666,0.8666666666666667,0.0,0.8093107136677958,0.4747299403835027
2663581,R U saying that seller has right to increase MRP and sell products?,general_feedback,general_feedback,0.2990752953674325,0.9999999999999999,ESCALATE,low intent confidence,Thanks for reaching out. Prices are decided by the sellers. You may refer here for more information:,R U saying that seller has right to increase MRP and sell products?,Prices are decided by the sellers. You may refer here for more information:,0.0,0.7777777777777778,0.0,0.7297276980311308,0.3816813769268918
2499119,I have already responded to the correspondence I received like couple of hours ago .,customer_service,customer_service,0.29668422784876336,1.0000000000000002,ESCALATE,low intent confidence,Thanks for reaching out. I understand the disappointment. Kindly respond to the latest correspondence from our team for further assistance.,I have already responded to the correspondence I received like couple of hours ago .,I understand the disappointment. Kindly respond to the latest correspondence from our team for further assistance.,0.125,0.8333333333333334,0.0,0.8093107136677958,0.450563273716836
2287987,"chuck it, am sick and tired of all this shit around. I wanted to give my aged father a BP monitoring machine which also couldn’t reach. Am f*** bothered now when it reaches. It didn’t when it was required",order_delivery,order_delivery,0.24109193977700935,1.0,ESCALATE,low intent confidence,"Thanks for reaching out. That's odd, you can also reach out to us via chat or email using the link here:","chuck it, am sick and tired of all this shit around. I wanted to give my aged father a BP monitoring machine which also couldn’t reach. Am f*** bothered now when it reaches. It didn’t when it was required","That's odd, you can also reach out to us via chat or email using the link here:",0.09523809523809523,0.8,0.3333333333333333,0.7628693657641714,0.4896685001027209
2881835,Fast delivery at the cost of damaged goods is not complete service. Will be returning the product via app.,return_refund,return_refund,0.26861465953932046,1.0000000000000002,ESCALATE,low intent confidence,"Thanks for reaching out. Sorry to hear you've received the package in damage condition. If you want to return the package, please visit here : to raise the return request. Also, I will be sure to forward your delivery feedback to our team internally for a review.",Fast delivery at the cost of damaged goods is not complete service. Will be returning the product via app,"Sorry to hear you've received the package in damage condition. If you want to return the package, please visit here : to raise the return request. Also, I will be sure to forward your delivery feedback to our team internally for a review.",0.2,0.92,0.3333333333333333,0.9223016102772285,0.5870119082082509
96803,#LGQ6AppQuiz still not yet listed in your link.,general_feedback,general_feedback,0.21469169403700042,0.9999999999999998,ESCALATE,low intent confidence,"Thanks for reaching out. Winners for the #LGQ6AppQuiz contest will be announced by November 30, 2017.",#LGQ6AppQuiz still not yet listed in your link.,"Winners for the #LGQ6AppQuiz contest will be announced by November 30, 2017.",0.0,0.7142857142857143,0.0,0.7886507647472073,0.3682976147120811
485248,Can u atleast provide your customer care number so that I can contact them ?,customer_service,customer_service,0.2987487870888221,1.0000000000000002,ESCALATE,low intent confidence,"Thanks for reaching out. As we're on Twitter, we won't be able to check it, however, you may do so via Also, please don't provide your details, as we consider it to be personal info. Our Twitter page is visible to the public. Keep us posted for any further query.",Can u atleast provide your customer care number so that I can contact them ?,"As we're on Twitter, we won't be able to check it, however, you may do so via Also, please don't provide your details, as we consider it to be personal info. Our Twitter page is visible to the public. Keep us posted for any further query.",0.2222222222222222,0.9047619047619048,0.6666666666666666,0.8982314597940044,0.6514013856357672
1067744,"Wat more detail u want me to fill here? I have filled these thrice, hw much more u would fool me wid ds generic replies? U looters, u cheats",customer_service,customer_service,0.2971462461988976,1.0000000000000002,ESCALATE,low intent confidence,Thanks for reaching out. here: and we'll get back to you with an update. (2/2),"Wat more detail u want me to fill here? I have filled these thrice, hw much more u would fool me wid ds generic replies? U looters, u cheats",here: and we'll get back to you with an update. (2/2),0.0625,0.6666666666666666,0.3333333333333333,0.5245910904457137,0.39743866356685703
239435,UPS for all 5 packages :(,order_delivery,order_delivery,0.2695160626659096,1.0000000000000002,ESCALATE,low intent confidence,Thanks for reaching out. I do apologize for the overall bad experience Joshua. Which carrier was assigned delivery of the shipment that were late? You can easily find the carrier information under order details from here:,UPS for all 5 packages :(,I do apologize for the overall bad experience Joshua. Which carrier was assigned delivery of the shipment that were late? You can easily find the carrier information under order details from here:,0.0,0.9090909090909091,0.0,0.8926858060615437,0.4520846890910497
485366,"No, your delivery team are incapable of just leaving a parcel. Ive has 3 different ideas from your support team but none have worked. The deliveries are just given to the nearest neighbour despite requests",order_delivery,order_delivery,0.25325816387866257,1.0000000000000002,ESCALATE,low intent confidence,Thanks for reaching out. I'm sorry for the poor experience! Do you have a current order that is late or delayed that we can help you with?,"No, your delivery team are incapable of just leaving a parcel. Ive has 3 different ideas from your support team but none have worked. The deliveries are just given to the nearest neighbour despite requests",I'm sorry for the poor experience! Do you have a current order that is late or delayed that we can help you with?,0.05,0.8461538461538461,0.0,0.8093107136677958,0.43255045320401553
832716,Yes as per my earlier message I told u people that I have replied on that mail as well,customer_service,customer_service,0.2737163789072124,1.0000000000000002,ESCALATE,low intent confidence,"Thanks for reaching out. I understand your concern. However, could you let us know if you've reverted to the email you've received from us?",Yes as per my earlier message I told u people that I have replied on that mail as well,"I understand your concern. However, could you let us know if you've reverted to the email you've received from us?",0.0,0.8333333333333334,0.3333333333333333,0.8404075302178391,0.4843944628660092
503398,"Until you control shipping, doubt there’s anything you can do other than just not promise dates until after the holidays. Of course shipping the in stock product when I ordered it and not three days later (on the original delivery date) probably could have helped.",order_delivery,order_delivery,0.37826093814025025,0.9999999999999999,AUTO_HANDLE,intent confidence and historical evidence meet the automation criteria,"Thanks for reaching out. This isn't what we like to see! We want to help, do you have a recent order you need some assistance with?","Until you control shipping, doubt there’s anything you can do other than just not promise dates until after the holidays. Of course shipping the in stock product when I ordered it and not three days later (on the original delivery date) probably could have helped.","This isn't what we like to see! We want to help, do you have a recent order you need some assistance with?",0.03571428571428571,0.8571428571428571,0.0,0.8093107136677958,0.4321108927644551
549546,"I won’t know until it’s opened on Christmas Day-I don’t want to open the inner box to check as it’s a gift, would I be able to contact for return still if it is damaged? I have taken photos of the damaged box",return_refund,return_refund,0.363265556574543,1.0,AUTO_HANDLE,intent confidence and historical evidence meet the automation criteria,Thanks for reaching out. Hi! I'm sorry to hear of your negative experience. Was the laptop damaged in any way? If you'd like to leave carrier feedback please visit us here: -Roger B.,"I won’t know until it’s opened on Christmas Day-I don’t want to open the inner box to check as it’s a gift, would I be able to contact for return still if it is damaged? I have taken photos of the damaged box",Hi! I'm sorry to hear of your negative experience. Was the laptop damaged in any way? If you'd like to leave carrier feedback please visit us here: -Roger B.,0.05555555555555555,0.8823529411764706,0.3333333333333333,0.8795507468800317,0.5240894747771028
758938,"I am messaging you the details,see if you care enough as you say .I am sick of filling these forms",customer_service,customer_service,0.2962354826618055,1.0,ESCALATE,low intent confidence,Thanks for reaching out. Please report this to our support team here: and we'll look into this. (2/2),"I am messaging you the details,see if you care enough as you say .I am sick of filling these forms",Please report this to our support team here: and we'll look into this. (2/2),0.0,0.8,0.3333333333333333,0.7297276980311308,0.4561258213713362
985150,No. I will do that. Thank you very much.,general_feedback,general_feedback,0.41569035549036887,1.0,AUTO_HANDLE,intent confidence and historical evidence meet the automation criteria,Thanks for reaching out. Hi Mark! Deliveries will run up until 21:00. Let us know what happens. Chuck H,"Thank you, I will.",Hi Mark! Deliveries will run up until 21:00. Let us know what happens. Chuck H,0.2,0.8,0.3333333333333333,0.8404075302178391,0.5327277961993425
469406,"How could you called itself world's most customer centric company, shame on you guys, There is no proper customer support #UNINSTALLAMAZON",customer_service,customer_service,0.2988856038771838,1.0,ESCALATE,low intent confidence,Thanks for reaching out. I'm sorry to know that the resolution provided wasn't as expected. Kindly respond to the email you've received and we'll take this up further. Appreciate your understanding.,"How could you called itself world's most customer centric company, shame on you guys, There is no proper customer support #UNINSTALLAMAZON",I'm sorry to know that the resolution provided wasn't as expected. Kindly respond to the email you've received and we'll take this up further. Appreciate your understanding.,0.0,0.8947368421052632,0.0,0.8795507468800317,0.4450905067688468
815491,think u should jump in to get a happy customer your team is not even giving me a call neither want to resolve the query,customer_service,customer_service,0.3005432445570469,1.0,AUTO_HANDLE,intent confidence and historical evidence meet the automation criteria,Thanks for reaching out. and help you with the issue. Please provide your details here: and I'll get back to you. 2/2,think u should jump in to get a happy customer your team is not even giving me a call neither want to resolve the query,and help you with the issue. Please provide your details here: and I'll get back to you. 2/2,0.07142857142857142,0.8181818181818182,0.3333333333333333,0.7297276980311308,0.48391802916354404
898373,I m nt sure if u ppl hv brain to understand d problem summry. Read again& call me.,customer_service,customer_service,0.27501869352261593,1.0000000000000004,ESCALATE,low intent confidence,"Thanks for reaching out. I understand you want to order Redmi 4A. However, it is only available during the sale. Request you to wait for one.",I m nt sure if u ppl hv brain to understand d problem summry. Read again& call me.,"I understand you want to order Redmi 4A. However, it is only available during the sale. Request you to wait for one.",0.125,0.8461538461538461,0.3333333333333333,0.826253287234524,0.5242585059056913
2133266,I ordered 3 sets of Xbox game codes and my account says verifying. They was ordered at 5pm yesterday. Been told 4 hours and still not here.,order_delivery,order_delivery,0.23815619122891243,1.0000000000000002,ESCALATE,low intent confidence,"Thanks for reaching out. Apologies, can you tell us a bit more w/o sharing any personal or acc info?",I ordered 3 sets of Xbox game codes and my account says verifying. They was ordered at 5pm yesterday. Been told 4 hours and still not here.,"Apologies, can you tell us a bit more w/o sharing any personal or acc info?",0.0,0.75,0.0,0.7886507647472073,0.38079761471208107
472331,It's with I was using my free trial of Amazon Music when this came to my attention.,prime,prime,0.7147243973288724,1.0000000000000002,AUTO_HANDLE,intent confidence and historical evidence meet the automation criteria,Thanks for reaching out. Thanks for confirming. Which site is your account with? or?,It's with I was using my free trial of Amazon Music when this came to my attention.,Thanks for confirming. Which site is your account with? or?,0.1,0.875,0.0,0.7576832018547042,0.44990248027820556
37607,Have concted your cc 10 times. You have my details. Filled this form also. Horrible experience,customer_service,customer_service,0.34396284008414035,1.0,AUTO_HANDLE,intent confidence and historical evidence meet the automation criteria,Thanks for reaching out. We haven't received your details yet. Kindly share the details in the link provided earlier and we'll get in touch.,Have concted your cc 10 times. You have my details. Filled this form also. Horrible experience,We haven't received your details yet. Kindly share the details in the link provided earlier and we'll get in touch.,0.18181818181818182,0.8333333333333334,0.0,0.8627308763190273,0.4756217526599753
793899,Can i have a ETA from your end for the resolution or you just making fool of your customers. Full money paid & no product received.,order_delivery,order_delivery,0.2101997246777942,1.0,ESCALATE,low intent confidence,Thanks for reaching out. provided earlier from the account used for placing your order. We'll be glad to help you. (2/2),Can i have a ETA from your end for the resolution or you just making fool of your customers. Full money paid & no product received.,provided earlier from the account used for placing your order. We'll be glad to help you. (2/2),0.15384615384615385,0.8333333333333334,0.0,0.826253287234524,0.46175850590569145
619101,Nah u don’t understand the customer plight. Else d issue wouldn’t have been left unattended for dis long. So stop putting a mask of concern,customer_service,customer_service,0.27623598986968234,1.0000000000000002,ESCALATE,low intent confidence,"Thanks for reaching out. I can imagine your disappointment. If you've responded to our email, we'll connect with you soon.",Nah u don’t understand the customer plight. Else d issue wouldn’t have been left unattended for dis long. So stop putting a mask of concern,"I can imagine your disappointment. If you've responded to our email, we'll connect with you soon.",0.0,0.8,0.0,0.8093107136677958,0.40139660705016933
182998,"I have, nothing there I'm afraid. I've also check the msg centre. I don't have an email confirming the preorder either which is odd",order_delivery,customer_service,0.2007576656306825,1.0000000000000002,ESCALATE,low intent confidence,Thanks for reaching out. Have you checked you Spam/Junk folders for it? You may also want to check your Message Centre:,"I have, nothing there I'm afraid. I've also check the msg centre. I don't have an email confirming the preorder either which is odd",Have you checked you Spam/Junk folders for it? You may also want to check your Message Centre:,0.3333333333333333,0.8461538461538461,0.3333333333333333,0.8093107136677958,0.5842171198706821
1727579,he's lying . I've not sent him any product 😏,general_feedback,general_feedback,0.2526782293423923,1.0,ESCALATE,low intent confidence,Thanks for reaching out. We apologize for the hassle. You can process a return here: Do keep us posted for further assistance.,he's lying . I've not sent him any product 😏,We apologize for the hassle. You can process a return here: Do keep us posted for further assistance.,0.0,0.8181818181818182,0.0,0.7628693657641714,0.40079404122826207
1889496,I am a business account holder. Not all your sellers provide GST invoices. I request you that Cloudtail provide GST invoices.,payment_billing,payment_billing,0.6433333309702897,1.0,ESCALATE,issue may require account-specific information,Thanks for reaching out. GST invoices are only provided to Business Account holders. You can refer here: for details,I am a business account holder. Not all your sellers provide GST invoices. I request you that Cloudtail provide GST invoices.,GST invoices are only provided to Business Account holders. You can refer here: for details,0.3,0.8181818181818182,0.0,0.8093107136677958,0.4977602434138057
1733924,It’s sold by amazon I have the order number . How do I get a replacement sent to me etc ?,return_refund,return_refund,0.26590496753540205,1.0000000000000002,ESCALATE,low intent confidence,Thanks for reaching out. Hi Jessica- Sorry to hear about your baby monitor- Was the item sold directly via Amazon or by a Seller on Amazon?,It’s sold by amazon I have the order number . How do I get a replacement sent to me etc ?,Hi Jessica- Sorry to hear about your baby monitor- Was the item sold directly via Amazon or by a Seller on Amazon?,0.2857142857142857,0.8571428571428571,0.0,0.8716924530362159,0.516468153669718
897115,I have replied to your mail as well.,customer_service,customer_service,0.2481319786353277,1.0000000000000002,ESCALATE,low intent confidence,Thanks for reaching out. Kindly check &amp; reply to the email sent by the Social Media team so that we can get back with an update. 2/2,Replied to that mail.,Kindly check &amp; reply to the email sent by the Social Media team so that we can get back with an update. 2/2,0.0,0.8571428571428571,0.6666666666666666,0.8404075302178391,0.5593944628660092
1137332,Earliest? When? I want a resolution right now,customer_service,customer_service,0.24478327485746337,1.0,ESCALATE,low intent confidence,"Thanks for reaching out. Apologies for the stretch, we are working on it. We will get back to you at the earliest.",Earliest? When? I want a resolution right now,"Apologies for the stretch, we are working on it. We will get back to you at the earliest.",0.2,0.75,0.0,0.6853880419233518,0.42530820628850274
294893,"The wrong shipping label was sent to me for a return. Although I returned the correct item, I was charged for not returning the item.",return_refund,return_refund,0.3901640168188449,1.0,AUTO_HANDLE,intent confidence and historical evidence meet the automation criteria,"Thanks for reaching out. I'm sorry to hear this. Without posting personal or account information, can you tell us more about the issue?","The wrong shipping label was sent to me for a return. Although I returned the correct item, I was charged for not returning the item.","I'm sorry to hear this. Without posting personal or account information, can you tell us more about the issue?",0.0,0.8571428571428571,0.0,0.8093107136677958,0.42139660705016935
1144975,I have the number for your head office in slough and I'll be calling them tomorrow!,customer_service,customer_service,0.25618346570134715,1.0000000000000002,ESCALATE,low intent confidence,Thanks for reaching out. I completely understand your frustration. Have you checked your spam or junk folder for our message?,I have the number for your head office in slough and I'll be calling them tomorrow!,I completely understand your frustration. Have you checked your spam or junk folder for our message?,0.2222222222222222,0.8333333333333334,0.3333333333333333,0.8093107136677958,0.5463966070501693
1258971,2 TIMES THE PRODUCT IS NOT DELIVERED WITH FALSE PROMISE? 12 DAYS WAITING..CAN YOU BE MORE ACCOUNTABLE,order_delivery,order_delivery,0.36882205115717925,1.0000000000000002,AUTO_HANDLE,intent confidence and historical evidence meet the automation criteria,"Thanks for reaching out. Umang, our team will review the details and reach out to you with all the available options soon. Appreciate your patience.",2 TIMES THE PRODUCT IS NOT DELIVERED WITH FALSE PROMISE? 12 DAYS WAITING..CAN YOU BE MORE ACCOUNTABLE,"Umang, our team will review the details and reach out to you with all the available options soon. Appreciate your patience.",0.1,0.8666666666666667,0.3333333333333333,0.8404075302178391,0.5260611295326759
2292288,So it’s been a long case but the issue I’m having now is that I was told by a supervisor over the phone last week that I would get my money back From my order and a say goodwill gesture I would have the same amount of money put into a gift card,return_refund,return_refund,0.31119187207414617,1.0000000000000002,AUTO_HANDLE,intent confidence and historical evidence meet the automation criteria,Thanks for reaching out. We'd like to help however we can; could you provide us with a bit more information regarding the issue you initially contacted us for? What options were explored with you upon reaching out to our support team?,So it’s been a long case but the issue I’m having now is that I was told by a supervisor over the phone last week that I would get my money back From my order and a say goodwill gesture I would have the same amount of money put into a gift card,We'd like to help however we can; could you provide us with a bit more information regarding the issue you initially contacted us for? What options were explored with you upon reaching out to our support team?,0.04,0.9523809523809523,0.3333333333333333,0.8990249355291906,0.5468537403293785
2142449,"it doesnt appear so, but ive been having the package drying. im dissapointed that i got a notification so late after delivery though",order_delivery,order_delivery,0.2863729117143916,1.0,ESCALATE,low intent confidence,Thanks for reaching out. Sorry to hear it John- Have the items also gotten wet?,"it doesnt appear so, but ive been having the package drying. im dissapointed that i got a notification so late after delivery though",Sorry to hear it John- Have the items also gotten wet?,0.0,0.7777777777777778,0.0,0.7628693657641714,0.3866526270868479
1243789,Thank you for your answer ;),general_feedback,general_feedback,0.41174781488071427,1.0,AUTO_HANDLE,intent confidence and historical evidence meet the automation criteria,Thanks for reaching out. You'll have the option to remove Special Offers for a 10GBP fee whenever you'd like! More info here:,Thank you for your answer ;),You'll have the option to remove Special Offers for a 10GBP fee whenever you'd like! More info here:,0.0,0.8333333333333334,0.0,0.826253287234524,0.41560465975184524
972781,Hahahahahaha Your services are pathetic specially replacement service And your app is amazing in when it comes to lag,general_feedback,general_feedback,0.21794488023371145,1.0000000000000002,ESCALATE,low intent confidence,Thanks for reaching out. I'm sorry for that. Could you tell me what went wrong so that I can assist you accordingly?,Hahahahahaha Your services are pathetic specially replacement service And your app is amazing in when it comes to lag,I'm sorry for that. Could you tell me what went wrong so that I can assist you accordingly?,0.0,0.8181818181818182,0.0,0.7628693657641714,0.40079404122826207
678633,Has a 'member of your team researched this issue for me'? 1 month and counting #amazon,customer_service,customer_service,0.26843092011432024,1.0000000000000002,ESCALATE,low intent confidence,Thanks for reaching out. We're sorry to hear this! I'd like to have a member from our team research this issue for you:,Has a 'member of your team researched this issue for me'? 1 month and counting #amazon,We're sorry to hear this! I'd like to have a member from our team research this issue for you:,0.4444444444444444,0.8333333333333334,0.0,0.7886507647472073,0.5432976147120812
1623394,"20+ days passed, 10+ mail exchanged, still No Delivery.Please Go back to America. Out for Delivery for more than 10 days. #Worstexperience",order_delivery,order_delivery,0.4135084353443531,1.0000000000000004,AUTO_HANDLE,intent confidence and historical evidence meet the automation criteria,Thanks for reaching out. Thanks for confirming. We'll check and get back to you with a correspondence via email soon.,"20+ days passed, 10+ mail exchanged, still No Delivery.Please Go back to America. Out for Delivery for more than 10 days. #Worstexperience",Thanks for confirming. We'll check and get back to you with a correspondence via email soon.,0.08333333333333333,0.8888888888888888,0.3333333333333333,0.8292332144844935,0.5271627599504518
1051898,It's been very stressful 4 me and i had mentioned clearly to customer care that if issue ain't resolved 2day then i am gonna file n FIR.,customer_service,customer_service,0.29262014714847,1.0,ESCALATE,low intent confidence,Thanks for reaching out. Please allow us some more time and we will get back to you with an update on this.,It's been very stressful 4 me and i had mentioned clearly to customer care that if issue ain't resolved 2day then i am gonna file n FIR.,Please allow us some more time and we will get back to you with an update on this.,0.0,0.8333333333333334,0.6666666666666666,0.6225407468137513,0.5183811120220627
2113669,Mines was shipped like this as well.,order_delivery,order_delivery,0.28231845535547867,1.0000000000000002,ESCALATE,low intent confidence,"Thanks for reaching out. Just to confirm, was the console damaged? Please let us know!",Mines was shipped like this as well.,"Just to confirm, was the console damaged? Please let us know!",0.0,0.75,0.6666666666666666,0.7628693657641714,0.510263738197959
2396338,"Yes. I have wifi connected, I've restarted, I've closed out and re-opened. Nothing fixes it. Like I said, everything else works perfectly but the web browser, which has been enabled, and says try again later and nothing populates.",product_technical,product_technical,0.4399148570580358,1.0000000000000002,AUTO_HANDLE,intent confidence and historical evidence meet the automation criteria,"Thanks for reaching out. Gary, sorry to hear of your troubles! Have you tried the troubleshooting tips listed here?:","Yes. I have wifi connected, I've restarted, I've closed out and re-opened. Nothing fixes it. Like I said, everything else works perfectly but the web browser, which has been enabled, and says try again later and nothing populates.","Gary, sorry to hear of your troubles! Have you tried the troubleshooting tips listed here?:",0.045454545454545456,0.8461538461538461,0.0,0.8093107136677958,0.43118681684037913
1298936,"Thank you. I already got the answer to my question. It was just the process that was unusually bad for Amazon. Just a glitch, I'm sure.",general_feedback,general_feedback,0.30601796766319195,1.0000000000000002,AUTO_HANDLE,intent confidence and historical evidence meet the automation criteria,"Thanks for reaching out. I understand your frustration. What questions did you have specifically? Let us know, we'd be happy to answer your questions!","Thank you. I already got the answer to my question. It was just the process that was unusually bad for Amazon. Just a glitch, I'm sure.","I understand your frustration. What questions did you have specifically? Let us know, we'd be happy to answer your questions!",0.09090909090909091,0.8333333333333334,0.3333333333333333,0.8524143315538772,0.5134682103391421
2451228,before stolen mail & the metal monstrosities they were brought to our doors,general_feedback,general_feedback,0.23338794219104958,1.0,ESCALATE,low intent confidence,Thanks for reaching out. We use a variety of carriers. Trying to understand if a specific carrier is using this method of delivery.,before stolen mail & the metal monstrosities they were brought to our doors,We use a variety of carriers. Trying to understand if a specific carrier is using this method of delivery.,0.0,0.8333333333333334,0.3333333333333333,0.8404075302178391,0.4843944628660092
1137450,From past 3 days your support team is asking to wait till end of the day. It seems there is no end of the day for Amazon,customer_service,order_delivery,0.2365700873488797,1.0000000000000002,ESCALATE,low intent confidence,Thanks for reaching out. That's strange. Kindly report this to our support team here: we'll assist you right away.,From past 3 days your support team is asking to wait till end of the day. It seems there is no end of the day for Amazon,That's strange. Kindly report this to our support team here: we'll assist you right away.,0.16666666666666666,0.8461538461538461,0.0,0.826253287234524,0.47009183923902476
2466106,Received two orders that still do not show up on my Amazon,order_delivery,customer_service,0.24541280672913174,1.0000000000000002,ESCALATE,low intent confidence,Thanks for reaching out. This item may be in your cart and not an actual order. Please check here:,Received two orders that still do not show up on my Amazon,This item may be in your cart and not an actual order. Please check here:,0.0,0.8181818181818182,0.6666666666666666,0.7297276980311308,0.5291561244016393
2584143,Not yet shipped,order_delivery,order_delivery,0.3313203559357661,1.0,AUTO_HANDLE,intent confidence and historical evidence meet the automation criteria,"Thanks for reaching out. Has the item already shipped? If not, please visit: If it has shipped, please let us know!",It has already shipped.,"Has the item already shipped? If not, please visit: If it has shipped, please let us know!",1.0,0.75,0.6666666666666666,0.7886507647472073,0.8141309480454144
2527443,"7 DAYS since your last unsympathetic reply. Where is my money, or my book?????????????? THAT is why I have always maintained Flipkart is far ahead in terms of customer service! I stand vindicated",order_delivery,customer_service,0.2741984455876563,1.0000000000000002,ESCALATE,low intent confidence,Thanks for reaching out. Sorry for the delay in delivery. It is never our intention to cause inconvenience to our valued customer. Call us here: &amp; we'll take necessary actions to make things right. 1/2,"7 DAYS since your last unsympathetic reply. Where is my money, or my book?????????????? THAT is why I have always maintained Flipkart is far ahead in terms of customer service! I stand vindicated",Sorry for the delay in delivery. It is never our intention to cause inconvenience to our valued customer. Call us here: &amp; we'll take necessary actions to make things right. 1/2,0.05,0.8947368421052632,0.0,0.8864984836093842,0.46113266727824975
364653,world's wrost customer services company poor reply on Twitter also,customer_service,customer_service,0.3550288249163933,1.0,AUTO_HANDLE,intent confidence and historical evidence meet the automation criteria,Thanks for reaching out. You may refer here: to check the type of card we accept. (3/3),world's wrost customer services company poor reply on Twitter also,You may refer here: to check the type of card we accept. (3/3),0.0,0.75,0.3333333333333333,0.7297276980311308,0.4386258213713362
1264421,Please check on my order 171-5775155-8517954 and tell me the status.,order_delivery,order_delivery,0.3194242940892015,1.0,AUTO_HANDLE,intent confidence and historical evidence meet the automation criteria,"Thanks for reaching out. Apologies for the delay with your refund, Rohan. Is this regarding a return? If yes, has the return reached our warehouse? ^",Please check on my order 171-5775155-8517954 and tell me the status.,"Apologies for the delay with your refund, Rohan. Is this regarding a return? If yes, has the return reached our warehouse? ^",0.0,0.8461538461538461,0.0,0.8524143315538771,0.42401599588692773
2745968,OK I just found out why the parcel wouldn’t go through the door. In what way is this packaging OK?,product_technical,product_technical,0.40470391846791276,1.0,AUTO_HANDLE,intent confidence and historical evidence meet the automation criteria,Thanks for reaching out. This is definitely not the level of service we aim for. We'd love to escalate carrier feedback by phone here:,OK I just found out why the parcel wouldn’t go through the door. In what way is this packaging OK?,This is definitely not the level of service we aim for. We'd love to escalate carrier feedback by phone here:,0.1111111111111111,0.8333333333333334,0.0,0.826253287234524,0.44893799308517857
284044,Okay... Shall I delete that tweet?,general_feedback,general_feedback,0.26625247235415694,1.0,ESCALATE,low intent confidence,Thanks for reaching out. Please don’t provide your order details as we consider them to be personal info. Our Twitter page is visible to public. (2/2),Okay... Shall I delete that tweet?,Please don’t provide your order details as we consider them to be personal info. Our Twitter page is visible to public. (2/2),0.0,0.8666666666666667,0.3333333333333333,0.8524143315538771,0.49786214973308157
2161840,I’ve had no email from you,customer_service,general_feedback,0.19810375017878737,1.0,ESCALATE,low intent confidence,Thanks for reaching out. I can see we sent you an email 8 November 2017 can you click the reply option in your emails?,I’ve had no email from you,I can see we sent you an email 8 November 2017 can you click the reply option in your emails?,0.5,0.8,0.0,0.8093107136677958,0.5513966070501694
63996,yes i have provided the details on link provided #amazonfails,customer_service,customer_service,0.27613344031989534,1.0000000000000002,ESCALATE,low intent confidence,Thanks for reaching out. We understand your concern regarding Amazon Pay. Could you please confirm if you have shared the details on the link provided earlier.,yes i have provided the details on link provided #amazonfails,We understand your concern regarding Amazon Pay. Could you please confirm if you have shared the details on the link provided earlier.,0.8,0.875,0.3333333333333333,0.8524143315538771,0.7407788163997482
2781926,"Which I get, but buying an Amazon Product from Amazon... that should probably not have three days of processing time. I’ve got a battery charger — ordered the same day — not sold by Amazon — arriving on Thursday. Just seems weird. Thanks for the reply.",order_delivery,order_delivery,0.27102693228114827,1.0,ESCALATE,low intent confidence,"Thanks for reaching out. Great question! Two-day shipping refers to the amount of time it takes your order to arrive after it has been shipped, not including processing times. Please let us know if you don't receive your batteries by Friday!","Which I get, but buying an Amazon Product from Amazon... that should probably not have three days of processing time. I’ve got a battery charger — ordered the same day — not sold by Amazon — arriving on Thursday. Just seems weird. Thanks for the reply.","Great question! Two-day shipping refers to the amount of time it takes your order to arrive after it has been shipped, not including processing times. Please let us know if you don't receive your batteries by Friday!",0.12,0.9130434782608695,0.6666666666666666,0.907760468105047,0.6250626209403947
257182,I got an email from customer service. Thank you!,customer_service,customer_service,0.3207792227692417,1.0000000000000002,AUTO_HANDLE,intent confidence and historical evidence meet the automation criteria,"Thanks for reaching out. We will certainly do what we can to help, Austin! Let's look into our options for lost gift cards:",I got an email from customer service. Thank you!,"We will certainly do what we can to help, Austin! Let's look into our options for lost gift cards:",0.0,0.8461538461538461,0.0,0.826253287234524,0.4200918392390247
2216869,Details shared in the mrng any update please?,customer_service,customer_service,0.3002271741942844,1.0000000000000002,AUTO_HANDLE,intent confidence and historical evidence meet the automation criteria,Thanks for reaching out. We've responded to your concern here: please check.,Details shared in the mrng any update please?,We've responded to your concern here: please check.,0.2,0.75,0.6666666666666666,0.6853880419233518,0.558641539621836
1929431,I have tried that before I tweeted keeps saying error !,product_technical,product_technical,0.3794594960283139,1.0000000000000002,AUTO_HANDLE,intent confidence and historical evidence meet the automation criteria,Thanks for reaching out. Oh no! That's not clean at all! Check here: for replacement/refund options!,I have tried that before I tweeted keeps saying error !,Oh no! That's not clean at all! Check here: for replacement/refund options!,0.125,0.7777777777777778,0.3333333333333333,0.7628693657641714,0.4908192937535145
160412,"They suggested resetting my password. But the original issue was that somebody else was using my account to make purchases. It was suggested that I close my account, but accounts are linked to email and I don't want to change my email for a new account",account_login,account_login,0.7234395141707809,1.0,ESCALATE,issue may require account-specific information,"Thanks for reaching out. That certainly isn't what we like to hear! When you talked to them previously, what information and options were suggested to you?","They suggested resetting my password. But the original issue was that somebody else was using my account to make purchases. It was suggested that I close my account, but accounts are linked to email and I don't want to change my email for a new account","That certainly isn't what we like to hear! When you talked to them previously, what information and options were suggested to you?",0.10526315789473684,0.8666666666666667,0.0,0.826253287234524,0.458850273786933
2084546,Awesome. Thanks,general_feedback,general_feedback,0.5113225789441365,1.0,AUTO_HANDLE,intent confidence and historical evidence meet the automation criteria,Thanks for reaching out. Hope you liked the movie. #HappyStreaming.,Awesome thanks #amazonprimevideo,Hope you liked the movie. #HappyStreaming.,0.5,0.6666666666666666,0.0,0.6853880419233518,0.48614153962183604
739063,Thanks for the reply! I tried it on .nl .de and .com. Got the one on .com ;-),general_feedback,general_feedback,0.32931142614197095,1.0,AUTO_HANDLE,intent confidence and historical evidence meet the automation criteria,Thanks for reaching out. We do have a delay in sending eMails. We are working on it! Please excuse the circumstances.,Thanks for the reply! I tried it on .nl .de and .com. Got the one on .com ;-),We do have a delay in sending eMails. We are working on it! Please excuse the circumstances.,0.3333333333333333,0.8,0.3333333333333333,0.7628693657641714,0.5610970715312923
619090,There is no email from the social media team.. stop killing time by sending such repetitive emails of reply sent. It u truly intend give a concrete reply..,customer_service,customer_service,0.29783207384762495,0.9999999999999999,ESCALATE,low intent confidence,"Thanks for reaching out. I request you to reply to the email sent to you by the Social Media team for further assistance. If you're still unable to find our correspondence, you may fill in the form again here: and we'll get in touch with you soon.",There is no email from the social media team.. stop killing time by sending such repetitive emails of reply sent. It u truly intend give a concrete reply..,"I request you to reply to the email sent to you by the Social Media team for further assistance. If you're still unable to find our correspondence, you may fill in the form again here: and we'll get in touch with you soon.",0.3157894736842105,0.9090909090909091,0.0,0.8795507468800317,0.5448512723190861
1540475,"Never mind you can't solve the issue! My remark stays "" is a piece of shit"" check my chats with your guys",general_feedback,general_feedback,0.2938377794901349,1.0,ESCALATE,low intent confidence,"Thanks for reaching out. That's quite a remark, Krishna. Please elaborate your concern for us to assist you better.","Never mind you can't solve the issue! My remark stays "" is a piece of shit"" check my chats with your guys","That's quite a remark, Krishna. Please elaborate your concern for us to assist you better.",0.15384615384615385,0.8333333333333334,0.3333333333333333,0.7886507647472073,0.5227847941992606
288052,"Yes, I have looked in there and nothing, requested it 2 hours ago",customer_service,customer_service,0.2472048551473504,1.0000000000000002,ESCALATE,low intent confidence,Thanks for reaching out. Ah right- Have you checked your spam/junk folder? Sometimes these emails can be redirected here.,"Yes, I have looked in there and nothing, requested it 2 hours ago",Ah right- Have you checked your spam/junk folder? Sometimes these emails can be redirected here.,0.16666666666666666,0.8571428571428571,0.3333333333333333,0.8093107136677958,0.538063273716836
1079380,I have already shared detail in your mail correspondence.,customer_service,customer_service,0.2903563408251255,1.0,ESCALATE,low intent confidence,Thanks for reaching out. We won't be able to access your account over Twitter. Please respond to the email correspondence we've sent.,I have already shared detail in your mail correspondence.,We won't be able to access your account over Twitter. Please respond to the email correspondence we've sent.,0.2857142857142857,0.8461538461538461,0.3333333333333333,0.8404075302178391,0.5745959280674744
283110,Can u plz tell me ur policies for customers if customers is having problem continosly.,customer_service,customer_service,0.26681188333926886,1.0000000000000002,ESCALATE,low intent confidence,Thanks for reaching out. I'll ensure to share your feedback internally to work on.,Can u plz tell me ur policies for customers if customers is having problem continosly.,I'll ensure to share your feedback internally to work on.,0.0,0.75,0.0,0.7628693657641714,0.37693040486462565
34563,It's just waste of time as I have already done it before but no results. And I don't want to waste my time again in it.,customer_service,return_refund,0.20673767438205762,1.0000000000000002,ESCALATE,low intent confidence,"Thanks for reaching out. In that case, kindly share your details here: and we'll look into it.",It's just waste of time as I have already done it before but no results. And I don't want to waste my time again in it.,"In that case, kindly share your details here: and we'll look into it.",0.0,0.8181818181818182,0.0,0.7628693657641714,0.40079404122826207
1224547,"Yep, & get no reply. I'm sick of this happening, I spend so much money on amazon it's ridiculous. It makes me want to shop anywhere else.",customer_service,customer_service,0.24689167809942122,0.9999999999999999,ESCALATE,low intent confidence,Thanks for reaching out. I'm so sorry for the poor experience! Have you contacted the sellers in these situations:,"Yep, & get no reply. I'm sick of this happening, I spend so much money on amazon it's ridiculous. It makes me want to shop anywhere else.",I'm so sorry for the poor experience! Have you contacted the sellers in these situations:,0.0,0.8,0.3333333333333333,0.7628693657641714,0.4610970715312923
2663721,Why so much delay??,order_delivery,customer_service,0.1741233017430353,1.0,ESCALATE,low intent confidence,Thanks for reaching out. I'm sorry for the delay! What's the delivery date on the order: Has any new info been provided?,That is if there is no other delay,I'm sorry for the delay! What's the delivery date on the order: Has any new info been provided?,0.5,0.8181818181818182,0.0,0.8093107136677958,0.5577602434138058
1347568,Should that be in the main sidebar menu? I don’t appear to have a Routines entry.,product_technical,product_technical,0.39378177818451243,1.0,AUTO_HANDLE,intent confidence and historical evidence meet the automation criteria,Thanks for reaching out. Hey Grant! Take a look at these steps and see if it helps you create the Routines! Let us know if this helps!,Should that be in the main sidebar menu? I don’t appear to have a Routines entry.,Hey Grant! Take a look at these steps and see if it helps you create the Routines! Let us know if this helps!,0.1111111111111111,0.8333333333333334,0.3333333333333333,0.8524143315538771,0.5195288163997482
819495,Will do 👍 thanks.,general_feedback,general_feedback,0.5113225789441365,1.0,AUTO_HANDLE,intent confidence and historical evidence meet the automation criteria,Thanks for reaching out. Thanks for the information. Please let us know if your order doesn't arrive by Friday.,Will do. Thanks,Thanks for the information. Please let us know if your order doesn't arrive by Friday.,0.5,0.9,0.6666666666666666,0.8445771658913869,0.7250199082170413
812362,No I'm sorry but that's not good enough. YOU put the sale on & knew how much stock you'd have to move. We shouldn't suffer because you couldn't be bothered to get yourself organised. We ordered this because we need it & paid for fast delivery. You're being complacent & dismissive,order_delivery,order_delivery,0.3414735579750636,1.0000000000000004,AUTO_HANDLE,intent confidence and historical evidence meet the automation criteria,"Thanks for reaching out. Apologies for the delay, Michelle. Some deliveries may take slightly longer than usual due to this busy period. If you haven't received your parcel by Monday please let us know.",No I'm sorry but that's not good enough. YOU put the sale on & knew how much stock you'd have to move. We shouldn't suffer because you couldn't be bothered to get yourself organised. We ordered this because we need it & paid for fast delivery. You're being complacent & dismissive,"Apologies for the delay, Michelle. Some deliveries may take slightly longer than usual due to this busy period. If you haven't received your parcel by Monday please let us know.",0.038461538461538464,0.9090909090909091,0.6666666666666666,0.8864984836093842,0.5960283855950207
816152,"Correctly labelled, but the episode shown as it opens with ""Previously on Outlander"" scenes that are from an unshown episode",product_technical,customer_service,0.1741233017430353,1.0000000000000002,ESCALATE,low intent confidence,"Thanks for reaching out. Hi there! I'm seeing that Season 3, Episode 4 is ""Of Lost Things"". Is that correct?","Correctly labelled, but the episode shown as it opens with ""Previously on Outlander"" scenes that are from an unshown episode","Hi there! I'm seeing that Season 3, Episode 4 is ""Of Lost Things"". Is that correct?",0.16666666666666666,0.8,0.0,0.7886507647472073,0.44829761471208107
1135116,I think the issue is just on streamed content but I can’t be 100% certain if downloaded stuff is fully HD as I have nothing to compare it to,product_technical,product_technical,0.37008527626777643,1.0,AUTO_HANDLE,intent confidence and historical evidence meet the automation criteria,"Thanks for reaching out. Hi, are you watching streamed or downloaded content?",I think the issue is just on streamed content but I can’t be 100% certain if downloaded stuff is fully HD as I have nothing to compare it to,"Hi, are you watching streamed or downloaded content?",0.25,0.6666666666666666,0.0,0.7297276980311308,0.4177924880380029
456533,"Yes it was 2x echo dots. Which have not been delivered as promised or agreed. When I challenged it, despite knowing there is a phone record of the agreement - I am told it was for only 1x echo dot but the original compensatory offer will not be upheld",order_delivery,order_delivery,0.26388723106462775,1.0000000000000002,ESCALATE,low intent confidence,Thanks for reaching out. Thanks for the additional information! However we'll need to clarify a few things. You mentioned that we offered 'free items' for compensation of your original order being messed up. Was this in the form of a free replacement of that original order?,"Yes it was 2x echo dots. Which have not been delivered as promised or agreed. When I challenged it, despite knowing there is a phone record of the agreement - I am told it was for only 1x echo dot but the original compensatory offer will not be upheld",Thanks for the additional information! However we'll need to clarify a few things. You mentioned that we offered 'free items' for compensation of your original order being messed up. Was this in the form of a free replacement of that original order?,0.043478260869565216,0.9545454545454546,0.0,0.936236229033192,0.48756982170675744
1157944,I'm crippled. I was waiting for them all to be at the mailbox before I called for transit to pick it up:,order_delivery,order_delivery,0.2285717294752213,1.0000000000000002,ESCALATE,low intent confidence,Thanks for reaching out. The tracking details are showing that the order has been delivered? Have you been able to retrieve if so?,I'm crippled. I was waiting for them all to be at the mailbox before I called for transit to pick it up:,The tracking details are showing that the order has been delivered? Have you been able to retrieve if so?,0.0,0.8333333333333334,0.0,0.7886507647472073,0.40996428137874774
1710385,This is app screenshot so find link urself,customer_service,customer_service,0.21480972122815106,1.0,ESCALATE,low intent confidence,"Thanks for reaching out. I'm sorry, I was unable to find any exchange offer on LG Q6. Please help us with the product page link.",This is app screenshot so find link urself,"I'm sorry, I was unable to find any exchange offer on LG Q6. Please help us with the product page link.",0.4,0.8461538461538461,0.3333333333333333,0.8404075302178391,0.6088816423531886
2758973,Last update was I had to cancel the order since I could not get guaranteed shipping Never again amzl log,order_delivery,order_delivery,0.3362033622286392,1.0000000000000002,AUTO_HANDLE,intent confidence and historical evidence meet the automation criteria,Thanks for reaching out. I certainly understand your frustration! What was the last update on the tracking for this order? You may check here:,Last update was I had to cancel the order since I could not get guaranteed shipping Never again amzl log,I certainly understand your frustration! What was the last update on the tracking for this order? You may check here:,0.2727272727272727,0.8571428571428571,0.6666666666666666,0.7886507647472073,0.6334491298635962
1136219,I am going to social media and media fr fake commitment ur side. U can say where is my order. 405-8158996-7018755,order_delivery,order_delivery,0.24114800841993383,1.0,ESCALATE,low intent confidence,"Thanks for reaching out. I'm sorry about the trouble with your order. We'd like to help, kindly share your details here: 1/2",I am going to social media and media fr fake commitment ur side. U can say where is my order. 405-8158996-7018755,"I'm sorry about the trouble with your order. We'd like to help, kindly share your details here: 1/2",0.125,0.8571428571428571,0.0,0.8093107136677958,0.4588966070501693
1166665,The most recent is that it will be here tomorrow. The only other update is that it left the facility Monday 10/23,order_delivery,order_delivery,0.30818950352911273,1.0,AUTO_HANDLE,intent confidence and historical evidence meet the automation criteria,Thanks for reaching out. I understand your frustration. What's the most recent tracking update for the shipment?,The most recent is that it will be here tomorrow. The only other update is that it left the facility Monday 10/23,I understand your frustration. What's the most recent tracking update for the shipment?,0.25,0.8181818181818182,0.3333333333333333,0.7628693657641714,0.5424607078949287
1735581,Can you track where my parcel is actually held?,order_delivery,order_delivery,0.2423644870603544,1.0,ESCALATE,low intent confidence,Thanks for reaching out. I've also responded to your DM.,Can you track where my parcel is actually held?,I've also responded to your DM.,0.0,0.6,0.0,0.6225407468137513,0.3033811120220627
427382,You're supposed to call me. I filled out a form. Read through the thread.,customer_service,customer_service,0.3439618938644612,1.0,AUTO_HANDLE,intent confidence and historical evidence meet the automation criteria,"Thanks for reaching out. Hi, have you checked your spam/junk folders just in case?",You're supposed to call me. I filled out a form. Read through the thread.,"Hi, have you checked your spam/junk folders just in case?",0.0,0.8,0.3333333333333333,0.7886507647472073,0.4649642813787477
818202,Consistently. I would really prefer actual dates to “guaranteed” ones. No matter the cost.,order_delivery,order_delivery,0.26086739849163404,1.0000000000000002,ESCALATE,low intent confidence,"Thanks for reaching out. Oh no, Jason! Have we missed a delivery date on a current order? Please let us know!",Consistently. I would really prefer actual dates to “guaranteed” ones. No matter the cost.,"Oh no, Jason! Have we missed a delivery date on a current order? Please let us know!",0.0,0.8181818181818182,0.6666666666666666,0.826253287234524,0.5436349627821483
1288194,"A heavy box was used to ship a $4 Pop figure in the same week, but a $70 special edition game gets an envelope?",general_feedback,general_feedback,0.24914967385452588,1.0,ESCALATE,low intent confidence,Thanks for reaching out. I'm sorry your box was damaged! Were the items damaged? You can submit packaging feedback here:,"A heavy box was used to ship a $4 Pop figure in the same week, but a $70 special edition game gets an envelope?",I'm sorry your box was damaged! Were the items damaged? You can submit packaging feedback here:,0.0,0.8181818181818182,0.0,0.826253287234524,0.410301629448815
529206,I contacted customer service team and got it resolved. Thanks.,general_feedback,general_feedback,0.29783913093464226,1.0000000000000002,ESCALATE,low intent confidence,Thanks for reaching out. Please login to you Amazon account using the same credentials. If you are trying to log in using a different account your Prime membership will not show. If the problem still persists you can contact our customer service team here:,I contacted customer service team and got it resolved. Thanks.,Please login to you Amazon account using the same credentials. If you are trying to log in using a different account your Prime membership will not show. If the problem still persists you can contact our customer service team here:,0.6666666666666666,0.9166666666666666,1.0,0.9118842831242268,0.8576159758019672
65825,"I would *love* that. I inquired about this a few months ago on your chat support and was told it was an impossible request. I will be in touch tomorrow to arrange it, thank you.",customer_service,customer_service,0.246716430215804,1.0000000000000002,ESCALATE,low intent confidence,"Thanks for reaching out. Hi, Mark! If you are consistently having issues with the same carrier, you can reach out to us via phone or chat and request that carrier be deprioritized. That would tell the fulfillment centers to look for another carrier for your packages in the future.","I would *love* that. I inquired about this a few months ago on your chat support and was told it was an impossible request. I will be in touch tomorrow to arrange it, thank you.","Hi, Mark! If you are consistently having issues with the same carrier, you can reach out to us via phone or chat and request that carrier be deprioritized. That would tell the fulfillment centers to look for another carrier for your packages in the future.",0.2777777777777778,0.9166666666666666,0.3333333333333333,0.9191146073597469,0.6087005244372953
918891,"Not that great buy high values item from U & till all is OK it’s the gud reviews for AmazonIndia,But if any issue den run after manufacturer",general_feedback,general_feedback,0.29828398773039355,1.0,ESCALATE,low intent confidence,Thanks for reaching out. handled by the manufacturer. Request you to get in touch with the support team of the manufacturer. 2/2,"Not that great buy high values item from U & till all is OK it’s the gud reviews for AmazonIndia,But if any issue den run after manufacturer",handled by the manufacturer. Request you to get in touch with the support team of the manufacturer. 2/2,0.08333333333333333,0.7777777777777778,0.0,0.8093107136677958,0.4186188292723916
2924455,Thanks. I have sent an email,general_feedback,general_feedback,0.3741382284408986,1.0,AUTO_HANDLE,intent confidence and historical evidence meet the automation criteria,Thanks for reaching out. We'd like to take a closer look at this with you. Please reach out at your earliest convenience here:,thanks. I sent an email,We'd like to take a closer look at this with you. Please reach out at your earliest convenience here:,0.25,0.8571428571428571,0.6666666666666666,0.7628693657641714,0.622763738197959
1046142,i don't see any email for today on given link and this process is more painful than speaking to CS agent who are of no help.,customer_service,customer_service,0.2817839285015563,1.0000000000000002,ESCALATE,low intent confidence,Thanks for reaching out. You can find all the emails sent by us here: Kindly reply to the email and we'll get back.,i don't see any email for today on given link and this process is more painful than speaking to CS agent who are of no help.,You can find all the emails sent by us here: Kindly reply to the email and we'll get back.,0.08333333333333333,0.8,0.0,0.7628693657641714,0.4194304048646257
2759409,Here's the proof..now you guys can't claim that I haven't filled up the form like u claimed earlier...and to tell u one thing..I don't need to fill tons of forms when it's actually your fault...this is kiddish assholes,customer_service,customer_service,0.29605040904166474,1.0,ESCALATE,low intent confidence,Thanks for reaching out. I'm sorry about the experience you had earlier. Please share your details here: I'll reach out to you with further assistance.,Here's the proof..now you guys can't claim that I haven't filled up the form like u claimed earlier...and to tell u one thing..I don't need to fill tons of forms when it's actually your fault...this is kiddish assholes,I'm sorry about the experience you had earlier. Please share your details here: I'll reach out to you with further assistance.,0.125,0.8666666666666667,0.6666666666666666,0.8093107136677958,0.595563273716836
249907,Have spoken to your CC.. thx for everything.. my 2nd sentence is saracastic,general_feedback,general_feedback,0.26312036471021266,1.0,ESCALATE,low intent confidence,Thanks for reaching out. That's quite a remark. Could you please elaborate on what went wrong? We'd like to help.,Have spoken to your CC.. thx for everything.. my 2nd sentence is saracastic,That's quite a remark. Could you please elaborate on what went wrong? We'd like to help.,0.0,0.8461538461538461,0.3333333333333333,0.7886507647472073,0.48111812753259386
493275,I told you I have done that. Hope it’s clear.,customer_service,customer_service,0.22423471106511264,1.0,ESCALATE,low intent confidence,Thanks for reaching out. Kindly share your details via the above link. We'll check this for you.,I told you I have done that. Hope it’s clear,Kindly share your details via the above link. We'll check this for you.,0.0,0.8,0.3333333333333333,0.7628693657641714,0.4610970715312923
1631343,Buy psv right now.its a pannindia film.,general_feedback,general_feedback,0.3267297153689538,1.0,AUTO_HANDLE,intent confidence and historical evidence meet the automation criteria,Thanks for reaching out. I’d like to understand this better. Please fill this form: and we will contact you at the earliest.,Buy psv right now.its a pannindia film.,I’d like to understand this better. Please fill this form: and we will contact you at the earliest.,0.0,0.8333333333333334,0.6666666666666666,0.7628693657641714,0.5394304048646258
2296047,EIVOTOR is the seller and manufacturer,general_feedback,general_feedback,0.3429017582930766,1.0,AUTO_HANDLE,intent confidence and historical evidence meet the automation criteria,Thanks for reaching out. I'm so sorry the webcam for your class didn't arrive today. I can understand the frustration of having to find one locally. Which carrier was assigned to the package? You can check for this information here:,EIVOTOR is the seller and manufacturer,I'm so sorry the webcam for your class didn't arrive today. I can understand the frustration of having to find one locally. Which carrier was assigned to the package? You can check for this information here:,0.0,0.9090909090909091,0.3333333333333333,0.8864984836093842,0.5178232573898924
26933,It’s not recognizing the name of the podcast (Slate Presents Lexicon Valley) which can be found on Spotify. Says “I can’t find songs by...”,product_technical,product_technical,0.4796704956115417,1.0,AUTO_HANDLE,intent confidence and historical evidence meet the automation criteria,Thanks for reaching out. What exactly is happening Lauren?,It’s not recognizing the name of the podcast (Slate Presents Lexicon Valley) which can be found on Spotify. Says “I can’t find songs by...”,What exactly is happening Lauren?,0.0,0.6666666666666666,0.0,0.6225407468137513,0.326714445355396
2922537,"2/2 They blamed the carrier. Now they're saying tomorrow, and then offered me an insulting $5 for the trouble. I just want what I purchased to be in my apartment so I can use it!",order_delivery,order_delivery,0.2003581373435063,1.0000000000000002,ESCALATE,low intent confidence,"Thanks for reaching out. I'm so sorry for the poor experience you've had with us! We'd like to look into this for you! When you called and spoke with us, what insight or information was given?","2/2 They blamed the carrier. Now they're saying tomorrow, and then offered me an insulting $5 for the trouble. I just want what I purchased to be in my apartment so I can use it!","I'm so sorry for the poor experience you've had with us! We'd like to look into this for you! When you called and spoke with us, what insight or information was given?",0.07142857142857142,0.8823529411764706,0.0,0.8524143315538771,0.45811425057341765
1350042,yes it was Friday the 24th at 8pm,general_feedback,general_feedback,0.26508601758340583,1.0000000000000002,ESCALATE,low intent confidence,"Thanks for reaching out. I'm sorry for the wait! To confirm, have we missed the delivery date shown during checkout and confirmed via e-mail?",yes it was Friday the 24th at 8pm,"I'm sorry for the wait! To confirm, have we missed the delivery date shown during checkout and confirmed via e-mail?",0.0,0.8571428571428571,0.6666666666666666,0.8404075302178391,0.5593944628660092
544422,"According to UPS, the truck was not processed when it arrived in Jacksonville on the 28th. It was not processed until today. It is scheduled to arrive on Tuesday.",order_delivery,order_delivery,0.30094422371486085,1.0000000000000002,AUTO_HANDLE,intent confidence and historical evidence meet the automation criteria,Thanks for reaching out. Oh my goodness! I'm sorry about this inconvenience. Please let us know if the package does arrive today as the updated delivery date shows. We are here to help.,"According to UPS, the truck was not processed when it arrived in Jacksonville on the 28th. It was not processed until today. It is scheduled to arrive on Tuesday.",Oh my goodness! I'm sorry about this inconvenience. Please let us know if the package does arrive today as the updated delivery date shows. We are here to help.,0.18181818181818182,0.8947368421052632,1.0,0.8864984836093842,0.7006781218237044
388796,I have tried each and every way to communicate the issue to Amazon but no body resolved the same. Frustrating service from,customer_service,customer_service,0.23227975606571538,1.0000000000000002,ESCALATE,low intent confidence,Thanks for reaching out. Apologies for the trouble. Have you tried reporting this to our support team here: ?,I have tried each and every way to communicate the issue to Amazon but no body resolved the same. Frustrating service from,Apologies for the trouble. Have you tried reporting this to our support team here: ?,0.15384615384615385,0.8181818181818182,0.0,0.7628693657641714,0.4469478873821082
1177168,"I already called, they're sending a 4th one.",return_refund,return_refund,0.2683690628606431,1.0,ESCALATE,low intent confidence,Thanks for reaching out. I'm truly sorry the frame has arrived damaged! Please call us so we can escalate this issue:,"I already called, they're sending a 4th one.",I'm truly sorry the frame has arrived damaged! Please call us so we can escalate this issue:,0.0,0.8333333333333334,0.3333333333333333,0.7886507647472073,0.4766309480454144
1661965,And now after being undeliverable... it is delivered... what on earth is going on!! My email account doesn’t know which way is up!!,order_delivery,order_delivery,0.22181355699467487,1.0000000000000002,ESCALATE,low intent confidence,Thanks for reaching out. Hi Joanne- Without providing personal info can you explain further what has happened?,And now after being undeliverable... it is delivered... what on earth is going on!! My email account doesn’t know which way is up!!,Hi Joanne- Without providing personal info can you explain further what has happened?,0.08333333333333333,0.8181818181818182,0.0,0.7886507647472073,0.4296612510757175
2935153,I appreciate the confidence you kept in cust serv but unfortunately there is nothing of that sort. I checked all my folders including spam for the umpteenth time now to find no response from your revered #Accountspecialists who I even doubt if they actually exist,customer_service,customer_service,0.23715127202274677,1.0000000000000002,ESCALATE,low intent confidence,"Thanks for reaching out. I can see my colleague has advised you to check your spam/junk folder to see if our account specialists have contacted you. Can I ask, have you checked this please?",I appreciate the confidence you kept in cust serv but unfortunately there is nothing of that sort. I checked all my folders including spam for the umpteenth time now to find no response from your revered #Accountspecialists who I even doubt if they actually exist,"I can see my colleague has advised you to check your spam/junk folder to see if our account specialists have contacted you. Can I ask, have you checked this please?",0.1111111111111111,0.875,1.0,0.8524143315538771,0.6674454830664149
748698,Ur emails says to wait fr more 24-48 hrs..i assure if i wait that much it will go on all the social media.,customer_service,customer_service,0.2443510624788906,1.0000000000000002,ESCALATE,low intent confidence,"Thanks for reaching out. I understand waiting could be tiresome but rest assured, the concerned team is working on a resolution for you.",Ur emails says to wait fr more 24-48 hrs..i assure if i wait that much it will go on all the social media.,"I understand waiting could be tiresome but rest assured, the concerned team is working on a resolution for you.",0.0,0.8333333333333334,0.3333333333333333,0.826253287234524,0.4822713264185119
179708,Guys what's wrong..again my order delayed,order_delivery,order_delivery,0.32639559756035336,0.6463535100214748,AUTO_HANDLE,intent confidence and historical evidence meet the automation criteria,Thanks for reaching out. Have you tried e-mailing the seller to let them know? You can do so by going to the product under your orders and clicking on their name in blue.,I haven't as it seems that I always have to do that if something wrong with order,Have you tried e-mailing the seller to let them know? You can do so by going to the product under your orders and clicking on their name in blue.,0.0,0.8823529411764706,0.0,0.8404075302178391,0.4348846589444405
2888239,"Hi, they told me to wait for dispatch and return it and go buy from . As he is the supervisor and one step ABOVE customer service head office.",customer_service,customer_service,0.31469004564203634,1.0000000000000002,AUTO_HANDLE,intent confidence and historical evidence meet the automation criteria,"Thanks for reaching out. When you spoke with our Customer Service Team, what options were they able to provide?","Hi, they told me to wait for dispatch and return it and go buy from . As he is the supervisor and one step ABOVE customer service head office.","When you spoke with our Customer Service Team, what options were they able to provide?",0.23076923076923078,0.8571428571428571,0.0,0.7886507647472073,0.48752838394285036
485257,I have no idea who sent this. We only have the Amazon Prime tape and your scanned address label. Can I DM you a pic of the label?,customer_service,customer_service,0.22348650925663197,1.0,ESCALATE,low intent confidence,"Thanks for reaching out. We want to make sure we’re giving you the best information, Linda. Which one of our Amazon websites or marketplaces you used to make this order, or",I have no idea who sent this. We only have the Amazon Prime tape and your scanned address label. Can I DM you a pic of the label?,"We want to make sure we’re giving you the best information, Linda. Which one of our Amazon websites or marketplaces you used to make this order, or",0.16666666666666666,0.875,0.0,0.8795507468800317,0.4881826120320047
888307,"Yes, it asks if I want to replace with other stuff that I purchase... Also, by the way, I bought the insurance and can't find the policy for it anywhere...",return_refund,return_refund,0.2289583095537386,1.0000000000000002,ESCALATE,low intent confidence,"Thanks for reaching out. Hi, sorry to hear that. Have you checked the options available here: http:","Yes, it asks if I want to replace with other stuff that I purchase... Also, by the way, I bought the insurance and can't find the policy for it anywhere...","Hi, sorry to hear that. Have you checked the options available here: http:",0.07142857142857142,0.8181818181818182,0.3333333333333333,0.7886507647472073,0.4927564891709555
2663768,And I need it this week but I don’t know if it’s coming or not but if you guys cancelled it I would like you guys to fix it,order_delivery,order_delivery,0.20486248010118807,1.0,ESCALATE,low intent confidence,Thanks for reaching out. Are you able to access your account now to check the tracking of the order?,And I need it this week but I don’t know if it’s coming or not but if you guys cancelled it I would like you guys to fix it,Are you able to access your account now to check the tracking of the order?,0.0,0.7777777777777778,0.3333333333333333,0.7628693657641714,0.45331929375351454
543837,"They tried to convince me that the order was in Houston. After getting past that hurdle, I was told the order can’t be replaced because it was not in stock. I was then told that I would be given a gift card. The rep is to call ups to determine the status",order_delivery,order_delivery,0.3089502148384231,0.9999999999999999,AUTO_HANDLE,intent confidence and historical evidence meet the automation criteria,"Thanks for reaching out. Thank you for providing us with these details. When you spoke with us, did we provide any additional information or options regarding this specific shipment?","They tried to convince me that the order was in Houston. After getting past that hurdle, I was told the order can’t be replaced because it was not in stock. I was then told that I would be given a gift card. The rep is to call ups to determine the status","Thank you for providing us with these details. When you spoke with us, did we provide any additional information or options regarding this specific shipment?",0.0,0.8823529411764706,0.0,0.8627308763190273,0.4382331608596187
866169,"hey, already had a tweet come through, eager to sort the problem! Also just a heads up, I got a DM from this account, this legit?",customer_service,customer_service,0.20142596487132952,1.0000000000000002,ESCALATE,low intent confidence,"Thanks for reaching out. I'm sorry your order hasn't arrived yet, Chris! What does the tracking info show: Let us know!","hey, already had a tweet come through, eager to sort the problem! Also just a heads up, I got a DM from this account, this legit?","I'm sorry your order hasn't arrived yet, Chris! What does the tracking info show: Let us know!",0.0,0.8571428571428571,0.3333333333333333,0.8404075302178391,0.4927277961993425
735000,Twice. At this point I cannot be bothered waiting for a 3rd one to ship and never arrive. So I got a better deal elsewhere.,order_delivery,order_delivery,0.2843149934581424,1.0,ESCALATE,low intent confidence,"Thanks for reaching out. Oh no, that's poor experience, I'm really sorry! Have you been in touch with Customer services?",Twice. At this point I cannot be bothered waiting for a 3rd one to ship and never arrive. So I got a better deal elsewhere.,"Oh no, that's poor experience, I'm really sorry! Have you been in touch with Customer services?",0.0,0.8461538461538461,0.0,0.8093107136677958,0.4175504532040155
608086,What is the benefit if one has to wait fr 3 days...why shud one go to this type of mental harassment,order_delivery,order_delivery,0.26995050388747327,1.0,ESCALATE,low intent confidence,"Thanks for reaching out. I understand your concern regarding the pick up of your order. We have received your details, we will have this checked and we will get back to you at the earliest.",What is the benefit if one has to wait fr 3 days...why shud one go to this type of mental harassment,"I understand your concern regarding the pick up of your order. We have received your details, we will have this checked and we will get back to you at the earliest.",0.1111111111111111,0.875,0.3333333333333333,0.826253287234524,0.5301879930851785
1177317,"I’m in the USA so I assume,",general_feedback,customer_service,0.1741233017430353,1.0,ESCALATE,low intent confidence,Thanks for reaching out. Which marketplace are you utilizing: or Amazon.it?,I’m in the USA so I assume,Which marketplace are you utilizing: or Amazon.it?,0.0,0.6666666666666666,0.0,0.6225407468137513,0.326714445355396
631576,I have already been through several processes. I have created and received emails and also just spoke to someone over the phone. I am appalled by the ‘service’ of Amazon and will be sure to tell everyone not to use them in future!,customer_service,customer_service,0.2893851064072317,1.0,ESCALATE,low intent confidence,Thanks for reaching out. Hi Jade. I'm sorry for the late response and for the issues you're experiencing with your parcel! We'd like to look into this further with you here: when you have the chance.,I have already been through several processes. I have created and received emails and also just spoke to someone over the phone. I am appalled by the ‘service’ of Amazon and will be sure to tell everyone not to use them in future!,Hi Jade. I'm sorry for the late response and for the issues you're experiencing with your parcel! We'd like to look into this further with you here: when you have the chance.,0.041666666666666664,0.9,0.0,0.8524143315538771,0.4553621497330816
2971967,I have to ea my dinner I worked 9 hours and just finish a 3 hour class,general_feedback,general_feedback,0.22665614694803826,1.0,ESCALATE,low intent confidence,"Thanks for reaching out. I'm sorry this happened, please contact us directly here: So we can help get this issue resolved as soon as possible.",I have to ea my dinner I worked 9 hours and just finish a 3 hour class,"I'm sorry this happened, please contact us directly here: So we can help get this issue resolved as soon as possible.",0.0,0.8571428571428571,0.6666666666666666,0.826253287234524,0.557271326418512
981449,thanks. what do you mean by issued by SBI. how to check that ?this card is listed on SBI card website.please clarify,payment_billing,payment_billing,0.6038467339930975,1.0,ESCALATE,issue may require account-specific information,"Thanks for reaching out. If the card is issued by SBI. Yes, the cash back under this Offer is also applicable on EMI, including No Cost EMI.",thanks. what do you mean by issued by SBI. how to check that ?this card is listed on SBI card website.please clarify,"If the card is issued by SBI. Yes, the cash back under this Offer is also applicable on EMI, including No Cost EMI.",0.3333333333333333,0.8461538461538461,0.0,0.8627308763190273,0.5255634776017002
1227278,Plz check my profile and address . Anil rout .nh55 turranga.angul mob 9937066505 pin 759123 and 759122. i am not satisfied with your answer,customer_service,customer_service,0.23734825649065566,1.0,ESCALATE,low intent confidence,"Thanks for reaching out. Due to carrier constraints, we are not able to provide cash on delivery to a few pin codes. (1/n)",Plz check my profile and address . Anil rout .nh55 turranga.angul mob 9937066505 pin 759123 and 759122. i am not satisfied with your answer,"Due to carrier constraints, we are not able to provide cash on delivery to a few pin codes. (1/n)",0.0,0.7777777777777778,0.0,0.8093107136677958,0.39361882927239156
180839,And what resolution check and where check have sent them 1000+ email. Wtf moment :(,customer_service,customer_service,0.2588009088493056,1.0,ESCALATE,low intent confidence,Thanks for reaching out. You may visit this link to check the emails sent to you :,And what resolution check and where check have sent them 1000+ email. Wtf moment :(,You may visit this link to check the emails sent to you :,0.2222222222222222,0.75,0.3333333333333333,0.7297276980311308,0.5052924880380029
2335822,I can’t see that option. All I can get from my home button is this,product_technical,product_technical,0.49220212820748005,1.0000000000000002,AUTO_HANDLE,intent confidence and historical evidence meet the automation criteria,Thanks for reaching out. Select the app from the menu “Sony Select” in the Home of your smart TV. Then download and launch the app.,I can’t see that option. All I can get from my home button is this,Select the app from the menu “Sony Select” in the Home of your smart TV. Then download and launch the app.,0.3333333333333333,0.8333333333333334,0.0,0.8716924530362159,0.522420534622099
665571,"Yes. I'm more concerned about the £721.38 order I was promised by now that you haven't even dispatched. Sold through Amazon, not 3rd party.",order_delivery,order_delivery,0.30658997133168364,1.0,AUTO_HANDLE,intent confidence and historical evidence meet the automation criteria,Thanks for reaching out. Sorry to hear this - did the replacement arrive safely ?,"Yes. I'm more concerned about the £721.38 order I was promised by now that you haven't even dispatched. Sold through Amazon, not 3rd party.",Sorry to hear this - did the replacement arrive safely ?,0.0,0.75,0.0,0.7628693657641714,0.37693040486462565
311051,worst service by you,customer_service,customer_service,0.2830022899365116,1.0,ESCALATE,low intent confidence,Thanks for reaching out. Sorry for the trouble. Please share your details here: and I'll get back to you at the earliest.,worst service by you,Sorry for the trouble. Please share your details here: and I'll get back to you at the earliest.,0.0,0.8181818181818182,0.3333333333333333,0.7628693657641714,0.4674607078949287
1190248,"I've replied to mail sent by your team, no response from your end, still waiting to know why refund is not initiated in full at one go",return_refund,return_refund,0.3358503199602063,1.0000000000000002,AUTO_HANDLE,intent confidence and historical evidence meet the automation criteria,"Thanks for reaching out. As mentioned earlier, kindly reply to the correspondence which you have received. We will assist you further.","I've replied to mail sent by your team, no response from your end, still waiting to know why refund is not initiated in full at one go","As mentioned earlier, kindly reply to the correspondence which you have received. We will assist you further.",0.0,0.8461538461538461,0.0,0.7886507647472073,0.4144514608659272
118747,There was no way to reply to the email. This is for case 4672816421. We were promised a call back but never received one.,customer_service,customer_service,0.26660897921699955,1.0,ESCALATE,low intent confidence,"Thanks for reaching out. We don't have access to your Amazon account over Twitter. When you contacted us, what options or information did we provide? Did we mention anything about forwarding your information to our Account Specialists?",There was no way to reply to the email. This is for case 4672816421. We were promised a call back but never received one.,"We don't have access to your Amazon account over Twitter. When you contacted us, what options or information did we provide? Did we mention anything about forwarding your information to our Account Specialists?",0.0,0.9,0.3333333333333333,0.9077604681050468,0.5178307368824236
1580416,"Four hours remain in this delivery window. It was taken from the facility at 10:47AM, previous deliveries have occurred no later than 1:50pm",order_delivery,order_delivery,0.30694353226662424,1.0,AUTO_HANDLE,intent confidence and historical evidence meet the automation criteria,Thanks for reaching out. I'm sorry to keep you waiting. We deliver until 8 PM. Keep us posted on the arrival!,"Four hours remain in this delivery window. It was taken from the facility at 10:47AM, previous deliveries have occurred no later than 1:50pm",I'm sorry to keep you waiting. We deliver until 8 PM. Keep us posted on the arrival!,0.0,0.7777777777777778,0.3333333333333333,0.7628693657641714,0.45331929375351454
1236253,One thing I will say is Amazon's staff is great and trying to help. Hopefully we will get undamaged replacements this time!,return_refund,return_refund,0.32009765966733544,1.0000000000000002,AUTO_HANDLE,intent confidence and historical evidence meet the automation criteria,"Thanks for reaching out. I'm really sorry to hear this! We can't access your acct via Twitter, so pls reach us via phone:",One thing I will say is Amazon's staff is great and trying to help. Hopefully we will get undamaged replacements this time!,"I'm really sorry to hear this! We can't access your acct via Twitter, so pls reach us via phone:",0.08333333333333333,0.8333333333333334,0.0,0.826253287234524,0.44060465975184526
1100388,"I already did and will get a refund for the missing half and half, but I still have to dry clean the soiled clothes, clean my soiled shoes, and mop the floor, as well as spot clean the wool rug. NOT happy.",return_refund,return_refund,0.4487811009750848,0.24173428422411067,ESCALATE,weak historical evidence,Thanks for reaching out. Items shipped from this marketplace must be returned to the fulfillment center in the country from which they were shipped.,Yes we did that still no refund,Items shipped from this marketplace must be returned to the fulfillment center in the country from which they were shipped.,0.0,0.8666666666666667,0.3333333333333333,0.826253287234524,0.4939379930851786
2918687,It’s not even showing it as shipped . Any reason for that ?,order_delivery,order_delivery,0.31207861326781405,1.0,AUTO_HANDLE,intent confidence and historical evidence meet the automation criteria,"Thanks for reaching out. We strive to deliver on the date provided on the confirmation email. If it does not arrive, let us know. We are here to help!",It’s not even showing it as shipped . Any reason for that ?,"We strive to deliver on the date provided on the confirmation email. If it does not arrive, let us know. We are here to help!",0.0,0.8461538461538461,0.3333333333333333,0.8524143315538771,0.4906826625535944
2663212,I’m using it in India. I don’t mind using English-US or English-India.,general_feedback,prime,0.26059270237092175,1.0000000000000002,ESCALATE,low intent confidence,Thanks for reaching out. Are you using the device outside the US? What language do you want to use?,I’m using it in India. I don’t mind using English-US or English-India,Are you using the device outside the US? What language do you want to use?,0.25,0.75,0.0,0.7628693657641714,0.45193040486462566
2923468,"No email or anything. After 8pm, the time it said it would be here yesterday. I went into my account. It said yesterday after 8pm, the package would be here by today or Wednesday. I really do miss when it came by USPS. That was more trustworthy.",order_delivery,order_delivery,0.2323431510320201,1.0,ESCALATE,low intent confidence,"Thanks for reaching out. Thanks for confirming with us, Robyn. Did you receive an e-mail regarding any sort of delay? What does the current tracking indicate for your order? You can find this information here:","No email or anything. After 8pm, the time it said it would be here yesterday. I went into my account. It said yesterday after 8pm, the package would be here by today or Wednesday. I really do miss when it came by USPS. That was more trustworthy.","Thanks for confirming with us, Robyn. Did you receive an e-mail regarding any sort of delay? What does the current tracking indicate for your order? You can find this information here:",0.045454545454545456,0.9523809523809523,0.0,0.9045941094942247,0.48265881339383065
126834,You delivery person said me to through mobile to meet him in the market to receive my purchase but he didn't come to my address so why I also told him to go back I don't need the purchase and I continued trying to call your cust. care...,order_delivery,order_delivery,0.29016809626263057,1.0000000000000002,ESCALATE,low intent confidence,"Thanks for reaching out. Please reach us via: &gt; login to your amazon.in account or select Skip Signin &gt; select issue codes &gt; choose from chat / phone / email options, if selecting phone option select language preferred (option 1: English, option 2: Hindi) (1/2)",You delivery person said me to through mobile to meet him in the market to receive my purchase but he didn't come to my address so why I also told him to go back I don't need the purchase and I continued trying to call your cust. care...,"Please reach us via: &gt; login to your amazon.in account or select Skip Signin &gt; select issue codes &gt; choose from chat / phone / email options, if selecting phone option select language preferred (option 1: English, option 2: Hindi) (1/2)",0.045454545454545456,0.92,0.3333333333333333,0.9511519138827343,0.5449758173854404
2469408,"All reported, waiting on refund but just want goods which I’ll have to get elsewhere. Always issues with man & van deliveries, different drivers every time, don’t know the area, sometimes deliver to random address or mark as ‘handed to resident’ and the parcel never turns up.",order_delivery,order_delivery,0.22616147794011546,1.0000000000000002,ESCALATE,low intent confidence,Thanks for reaching out. Hi Alexis- Sorry about your experience with your recent deliveries. Did you report this to us directly? Have they been replaced/refunded? Are you noticing this with a particular carrier or?,"All reported, waiting on refund but just want goods which I’ll have to get elsewhere. Always issues with man & van deliveries, different drivers every time, don’t know the area, sometimes deliver to random address or mark as ‘handed to resident’ and the parcel never turns up.",Hi Alexis- Sorry about your experience with your recent deliveries. Did you report this to us directly? Have they been replaced/refunded? Are you noticing this with a particular carrier or?,0.10344827586206896,0.9047619047619048,0.0,0.8795507468800317,0.4796337614572921
2447421,No problem. She called back minutes later and apologized. Thanks for looking out. :),general_feedback,general_feedback,0.31291760454800793,1.0,AUTO_HANDLE,intent confidence and historical evidence meet the automation criteria,Thanks for reaching out. I'm sorry to hear your call was dropped. Please give us another chance to help you via phone or chat here:,No problem. She called back minutes later and apologized. Thanks for looking out. :),I'm sorry to hear your call was dropped. Please give us another chance to help you via phone or chat here:,0.125,0.8666666666666667,0.3333333333333333,0.7886507647472073,0.5257976147120811
2607030,Yeah I have all I keep getting a refund I had a drive to some random person’s house last week to get my package that was delivered to the wrong address because your delivery guy couldn’t find it and he just dropped it off at any house,order_delivery,order_delivery,0.32097940393028035,1.0,AUTO_HANDLE,intent confidence and historical evidence meet the automation criteria,Thanks for reaching out. I'm so sorry for the delivery trouble! Have you had a chance to reach us for available options:,Yeah I have all I keep getting a refund I had a drive to some random person’s house last week to get my package that was delivered to the wrong address because your delivery guy couldn’t find it and he just dropped it off at any house,I'm so sorry for the delivery trouble! Have you had a chance to reach us for available options:,0.08333333333333333,0.8,0.0,0.7886507647472073,0.42329761471208105
1420059,Will follow up shortly. To sum up: My order was incorrectly delivered to address of someone wondering where theirs has gone to.,order_delivery,order_delivery,0.39582650408911657,1.0,AUTO_HANDLE,intent confidence and historical evidence meet the automation criteria,"Thanks for reaching out. I'm sorry about your delivery, Catherine! Please get in touch with us via phone or chat here:",Will follow up shortly. To sum up: My order was incorrectly delivered to address of someone wondering where theirs has gone to.,"I'm sorry about your delivery, Catherine! Please get in touch with us via phone or chat here:",0.0,0.8461538461538461,0.3333333333333333,0.7628693657641714,0.4772509176851385
987368,I don't see any reason. Pls point that out.,customer_service,customer_service,0.23652877161114808,1.0,ESCALATE,low intent confidence,Thanks for reaching out. Please go through the guidelines here: to check the reason for review denial.,I don't see any reason. Pls point that out,Please go through the guidelines here: to check the reason for review denial.,0.3333333333333333,0.8,0.6666666666666666,0.7297276980311308,0.6227924880380029
2721748,I have given the reference number. You should have reported it yourself. This is very poor customer service.,customer_service,customer_service,0.33163129242206296,1.0,AUTO_HANDLE,intent confidence and historical evidence meet the automation criteria,Thanks for reaching out. I'm sorry that you've not received your replacements yet. Please report this to our support team here: and we'll assist you with it.,I have given the reference number. You should have reported it yourself. This is very poor customer service,I'm sorry that you've not received your replacements yet. Please report this to our support team here: and we'll assist you with it.,0.08333333333333333,0.8666666666666667,0.3333333333333333,0.826253287234524,0.5189379930851786
2869522,No thanks! You should have just left the package. It’s an overnight. Now I’m gonna return it.,return_refund,return_refund,0.33882876177368065,1.0000000000000002,AUTO_HANDLE,intent confidence and historical evidence meet the automation criteria,"Thanks for reaching out. I'm so sorry to hear this. Was the package scanned as attempted delivery? If so, if there is no safe place to leave the package our driver usually don't leave it outside unattended. If you have a moment, please reach us by phone here:",No thanks! You should have just left the package. It’s an overnight. Now I’m gonna return it.,"I'm so sorry to hear this. Was the package scanned as attempted delivery? If so, if there is no safe place to leave the package our driver usually don't leave it outside unattended. If you have a moment, please reach us by phone here:",0.3333333333333333,0.9130434782608695,0.3333333333333333,0.9156544253489192,0.6235800478603089
500775,Amazon Logistics were unable to deliver my parcel today as they were unable to gain access to the front gate. Hmm! not sure what gate they encountered. useless couriers.,order_delivery,order_delivery,0.26382170661896487,1.0,ESCALATE,low intent confidence,Thanks for reaching out. You can select any order you have on your account and then let us know the order you are having troubles with when you reach out.,Amazon Logistics were unable to deliver my parcel today as they were unable to gain access to the front gate. Hmm! not sure what gate they encountered. useless couriers,You can select any order you have on your account and then let us know the order you are having troubles with when you reach out.,0.0,0.8571428571428571,0.6666666666666666,0.8404075302178391,0.5593944628660092
1684466,I have shared the details. Pls contact me asap and solve my problem.,customer_service,customer_service,0.3346466086681892,1.0,AUTO_HANDLE,intent confidence and historical evidence meet the automation criteria,Thanks for reaching out. Please share your details here: and I'll get in touch with you. (2/2),I have shared the details. Pls contact me asap and solve my problem.,Please share your details here: and I'll get in touch with you. (2/2),0.14285714285714285,0.7777777777777778,0.3333333333333333,0.6853880419233518,0.48455423803453446
1240419,"Long story short, I was told they couldn't respond due to it being busy on weekends than 2 days later it shipped in the middle of the night and immediately after they email me saying how if the carrier can't find it I would have to refuse and ship it back.",order_delivery,order_delivery,0.3281811006361942,1.0000000000000002,AUTO_HANDLE,intent confidence and historical evidence meet the automation criteria,"Thanks for reaching out. Hi, I'm sorry to hear about this. Have you received any further information from us about the order?","Long story short, I was told they couldn't respond due to it being busy on weekends than 2 days later it shipped in the middle of the night and immediately after they email me saying how if the carrier can't find it I would have to refuse and ship it back.","Hi, I'm sorry to hear about this. Have you received any further information from us about the order?",0.037037037037037035,0.8333333333333334,0.0,0.7628693657641714,0.4172081826424035
2299483,"No it doesn't, it refers to 79 quid to get next day delivery And you can't manage your obligation,,,, don't give me small print!!!",order_delivery,order_delivery,0.3345471461736664,1.0,AUTO_HANDLE,intent confidence and historical evidence meet the automation criteria,"Thanks for reaching out. One-Day Shipping refers to the transit time, in business days. Here's more info on our shipping:","No it doesn't, it refers to 79 quid to get next day delivery And you can't manage your obligation,,,, don't give me small print!!!","One-Day Shipping refers to the transit time, in business days. Here's more info on our shipping:",0.09090909090909091,0.8181818181818182,0.0,0.8404075302178391,0.4396974931690395
90202,I received nothing in spam and there was no message from the operator. However I received your message at 1am - 8hrs after my enquiry. I don’t understand why your operator couldn’t do this for me. Many thanks for your assistance.,customer_service,customer_service,0.2544890629057565,1.0,ESCALATE,low intent confidence,"Thanks for reaching out. I'm terribly sorry for the misinformation! ""Pass my Parcel"" is one of our main return some information about the ""Pass my Parcel"" process: If you're unable to access one of these locations, please let us know.",I received nothing in spam and there was no message from the operator. However I received your message at 1am - 8hrs after my enquiry. I don’t understand why your operator couldn’t do this for me. Many thanks for your assistance,"I'm terribly sorry for the misinformation! ""Pass my Parcel"" is one of our main return some information about the ""Pass my Parcel"" process: If you're unable to access one of these locations, please let us know.",0.058823529411764705,0.8947368421052632,0.6666666666666666,0.9077604681050468,0.6003023571094619
2883362,Can u just refund my money please,return_refund,return_refund,0.6312012959388487,1.0,AUTO_HANDLE,intent confidence and historical evidence meet the automation criteria,"Thanks for reaching out. I'm sorry to know about your experience. Please share your details here: I'll reach out to you with further assistance. Please don't provide your order details, we consider it personal information. Our Twitter page is visible to public.",Can u just refund my money please,"I'm sorry to know about your experience. Please share your details here: I'll reach out to you with further assistance. Please don't provide your order details, we consider it personal information. Our Twitter page is visible to public.",0.25,0.9166666666666666,0.6666666666666666,0.9118842831242269,0.6659493091353007
2683475,"Website on my PC. Clicked the Track button which used to show your info and the carrier's number, but the layout is way different and the number isn't there.",product_technical,product_technical,0.4536003428549348,1.0,AUTO_HANDLE,intent confidence and historical evidence meet the automation criteria,"Thanks for reaching out. Hello there, where are you trying to view your order and tracking information? The app or the website?","Website on my PC. Clicked the Track button which used to show your info and the carrier's number, but the layout is way different and the number isn't there.","Hello there, where are you trying to view your order and tracking information? The app or the website?",0.21428571428571427,0.8333333333333334,0.3333333333333333,0.8093107136677958,0.544015654669217
2834149,"I ve already done this. Nd let be now, i have lost hope on you guys. 🙏🙏",general_feedback,general_feedback,0.31421134724629024,1.0000000000000002,AUTO_HANDLE,intent confidence and historical evidence meet the automation criteria,Thanks for reaching out. Apologies for the tracking update issues; we'd like to check this for you. Please drop your details here: so that we can sort this soon for you.,"I ve already done this. Nd let be now, i have lost hope on you guys. 🙏🙏",Apologies for the tracking update issues; we'd like to check this for you. Please drop your details here: so that we can sort this soon for you.,0.14285714285714285,0.8823529411764706,1.0,0.8404075302178391,0.6777418018015835
1232079,Yes sir ^KB for my Apple iPhone SE.,general_feedback,product_technical,0.2574970400719865,1.0,ESCALATE,low intent confidence,Thanks for reaching out. Hello! We'd like to help. Are you looking for a case and charger to go with a specific device?,Yes sir ^KB for my Apple iPhone SE,Hello! We'd like to help. Are you looking for a case and charger to go with a specific device?,0.0,0.8181818181818182,0.0,0.8093107136677958,0.40776024341380573
1565140,I just want to speak to a person that does not respond with generic cut and paste answers.,customer_service,customer_service,0.23053194103459637,1.0000000000000002,ESCALATE,low intent confidence,"Thanks for reaching out. We'd like to help. Without providing any personal info, please tell us more about what's going on.",I just want to speak to a person that does not respond with generic cut and paste answers.,"We'd like to help. Without providing any personal info, please tell us more about what's going on.",0.0,0.8571428571428571,0.3333333333333333,0.7886507647472073,0.4849642813787477
2460001,"No actual reason why it was delayed on email, delivery guy was outside my house for 10 mins looking for package and I approached him and he said your package isn’t on this truck .",order_delivery,order_delivery,0.3671411926000954,1.0,AUTO_HANDLE,intent confidence and historical evidence meet the automation criteria,"Thanks for reaching out. Were you emailed with a reason for the delay? If so, what did it say. Keep us updated! - Conor","No actual reason why it was delayed on email, delivery guy was outside my house for 10 mins looking for package and I approached him and he said your package isn’t on this truck .","Were you emailed with a reason for the delay? If so, what did it say. Keep us updated! - Conor",0.06666666666666667,0.8181818181818182,0.3333333333333333,0.7886507647472073,0.49132791774238416
919435,Finally i get a response frm ur team that ur concern is handled by executive team n they r best. Whn ur E team said thy dnt 1/2,customer_service,customer_service,0.2833328403860526,1.0000000000000002,ESCALATE,low intent confidence,Thanks for reaching out. We've received your details and we are working on it. We'll reach out to you soon.,Finally i get a response frm ur team that ur concern is handled by executive team n they r best. Whn ur E team said thy dnt 1/2,We've received your details and we are working on it. We'll reach out to you soon.,0.0,0.75,0.3333333333333333,0.7886507647472073,0.4474642813787477
1188197,"Apparently, I'll be refund—I won't get my time back, sadly. I've logged a complaint, but wld love to know why you failed to deliver, twice!",return_refund,return_refund,0.37108749345460285,1.0000000000000002,AUTO_HANDLE,intent confidence and historical evidence meet the automation criteria,Thanks for reaching out. Let's see what options we have top get this sorted! Reach out to us directly here:,"Apparently, I'll be refund—I won't get my time back, sadly. I've logged a complaint, but wld love to know why you failed to deliver, twice!",Let's see what options we have top get this sorted! Reach out to us directly here:,0.0,0.8,0.3333333333333333,0.7297276980311308,0.4561258213713362
409323,"No, that was how much you owed me.",payment_billing,customer_service,0.1741233017430353,1.0,ESCALATE,low intent confidence,Thanks for reaching out. Was the £5 promo voucher offered as a goodwill gesture for a poor experience?,"No, that was how much you owed me.",Was the £5 promo voucher offered as a goodwill gesture for a poor experience?,0.0,0.7777777777777778,0.0,0.7886507647472073,0.39051983693430325
360703,Yes ... 3 days ...Tracking #: 182110389807,order_delivery,order_delivery,0.2855539881291591,1.0,ESCALATE,low intent confidence,"Thanks for reaching out. I'm sorry, Lokendra. Did we miss the estimated delivery date?",Yes ... 3 days ...Tracking #: 182110389807,"I'm sorry, Lokendra. Did we miss the estimated delivery date?",0.0,0.75,0.0,0.7886507647472073,0.38079761471208107
1188563,even that was done on Monday night. No change in status,order_delivery,order_delivery,0.25382530699844613,1.0000000000000002,ESCALATE,low intent confidence,Thanks for reaching out. Apologies for the delay in delivery. Please escalate this to our support team here: 1/2,even that was done on Monday night. No change in status,Apologies for the delay in delivery. Please escalate this to our support team here: 1/2,0.0,0.8181818181818182,0.3333333333333333,0.7628693657641714,0.4674607078949287
1511976,That it's heading to a local Amazon shipping center to than be delivered by local carrier.,order_delivery,order_delivery,0.2970314646974358,1.0,ESCALATE,low intent confidence,Thanks for reaching out. We aim to meet the delivery date. Look out for any order updates and keep us posted.,That it's heading to a local Amazon shipping center to than be delivered by local carrier.,We aim to meet the delivery date. Look out for any order updates and keep us posted.,0.0,0.8,0.3333333333333333,0.8093107136677958,0.468063273716836
281426,"I've been rung about 15 times today. I didn't contact CS. I have now spoken to someone and the calls have stopped, thankfully. Thank you.",customer_service,general_feedback,0.23337493543333723,1.0,ESCALATE,low intent confidence,"Thanks for reaching out. Hi Alastair, please tell us more about what happened without sharing personal information. We wouldn't normally call.","I've been rung about 15 times today. I didn't contact CS. I have now spoken to someone and the calls have stopped, thankfully. Thank you.","Hi Alastair, please tell us more about what happened without sharing personal information. We wouldn't normally call.",0.07142857142857142,0.875,0.3333333333333333,0.826253287234524,0.5182832311804166
1818235,I just asked them why me? Because same order of my friend got dispatched. What their reply was he is lucky. Damn such an customer service.,order_delivery,order_delivery,0.255647246960989,1.0000000000000002,ESCALATE,low intent confidence,Thanks for reaching out. Sorry to know about the order cancellation. Please connect with us here: (1/2),I just asked them why me? Because same order of my friend got dispatched. What their reply was he is lucky. Damn such an customer service.,Sorry to know about the order cancellation. Please connect with us here: (1/2),0.0625,0.8181818181818182,0.3333333333333333,0.7297276980311308,0.4812394577349726
1589990,"It worked fine for the other order I placed. Just the issue with this order, not an app/device issue. Thanks anyway!!",order_delivery,general_feedback,0.2314235342777098,1.0000000000000002,ESCALATE,low intent confidence,"Thanks for reaching out. I get your concern, request you to uninstall and reinstall the app and try adding your shipping address again.","It worked fine for the other order I placed. Just the issue with this order, not an app/device issue. Thanks anyway!!","I get your concern, request you to uninstall and reinstall the app and try adding your shipping address again.",0.08333333333333333,0.8181818181818182,0.3333333333333333,0.826253287234524,0.5019682961154817
2435678,Let the public know about your services.. That is my main motive,customer_service,customer_service,0.19520826602830627,1.0000000000000002,ESCALATE,low intent confidence,"Thanks for reaching out. sorted ASAP! Please don't provide order details, we consider it as personal info. Our page is visible to the public. 2/2",Let the public know about your services.. That is my main motive,"sorted ASAP! Please don't provide order details, we consider it as personal info. Our page is visible to the public. 2/2",0.125,0.8571428571428571,0.3333333333333333,0.8627308763190273,0.5335762981145207
876964,only you make promises and nothing.,general_feedback,general_feedback,0.256619426781852,1.0000000000000002,ESCALATE,low intent confidence,Thanks for reaching out. Sorry about this experience. We have already responded to and we'll look into this.,only you make promises and nothing.,Sorry about this experience. We have already responded to and we'll look into this.,0.0,0.8181818181818182,0.0,0.7297276980311308,0.395822791068306
349358,Are you going to refund my money or not? Refund it asap.,return_refund,return_refund,0.6067658942180639,1.0,AUTO_HANDLE,intent confidence and historical evidence meet the automation criteria,"Thanks for reaching out. This was certainly not intended, we apologize here. I'll ensure to share your comments internally to work on.",Are you going to refund my money or not? Refund it asap.,"This was certainly not intended, we apologize here. I'll ensure to share your comments internally to work on.",0.0,0.8461538461538461,0.0,0.826253287234524,0.4200918392390247
657888,One of my packages was delayed by 2 days last week and nobody at amazon knew why it was delayed and it was through amazon logistic,order_delivery,order_delivery,0.3275377617796773,1.0,AUTO_HANDLE,intent confidence and historical evidence meet the automation criteria,"Thanks for reaching out. Are you currently experiencing a delay with an order you recently placed? If so, what does the order status show upon review:",One of my packages was delayed by 2 days last week and nobody at amazon knew why it was delayed and it was through amazon logistic,"Are you currently experiencing a delay with an order you recently placed? If so, what does the order status show upon review:",0.0,0.8666666666666667,0.0,0.8524143315538772,0.4311954830664149
275498,Well it is already out there. Why am I filling this form? i don’t see any point if the feedback is going back to amazon.in. Already sent thm,customer_service,customer_service,0.28480925337537216,1.0,ESCALATE,low intent confidence,Thanks for reaching out. Don’t provide your order details as we consider them to be personal information. Our Twitter page is visible to public.(2/2),Well it is already out there. Why am I filling this form? i don’t see any point if the feedback is going back to amazon.in. Already sent thm,Don’t provide your order details as we consider them to be personal information. Our Twitter page is visible to public.(2/2),0.0,0.8571428571428571,0.0,0.8524143315538771,0.42786214973308156
910377,All day green line has been just above the arrival dot. Now its gone back up!!!!!,order_delivery,order_delivery,0.26033542243986485,1.0,ESCALATE,low intent confidence,"Thanks for reaching out. I'm sorry to hear about this! Without sharing personal information, can you verify the latest tracking status for the order?",All day green line has been just above the arrival dot. Now its gone back up!!!!!,"I'm sorry to hear about this! Without sharing personal information, can you verify the latest tracking status for the order?",0.0,0.8666666666666667,0.0,0.8404075302178391,0.42939446286600924
612697,It was online and all we got was an email saying it wasn't possible and to contact customer services.,customer_service,customer_service,0.31749030134311135,1.0,AUTO_HANDLE,intent confidence and historical evidence meet the automation criteria,"Thanks for reaching out. Thank you for confirming. When you spoke with us, did we explain why a refund has not been processed? Have we provided an updated delivery date?",It was online and all we got was an email saying it wasn't possible and to contact customer services.,"Thank you for confirming. When you spoke with us, did we explain why a refund has not been processed? Have we provided an updated delivery date?",0.0,0.875,0.3333333333333333,0.8524143315538771,0.5007788163997482
1665286,Please solve my problem. I booked the product to give it as a Gift.,order_delivery,order_delivery,0.2119323675794686,1.0000000000000002,ESCALATE,low intent confidence,"Thanks for reaching out. Please don't provide your details, as we consider it to be personal information. Our Twitter page is visible to the public.",Please solve my problem. I booked the product to give it as a Gift,"Please don't provide your details, as we consider it to be personal information. Our Twitter page is visible to the public.",0.14285714285714285,0.8461538461538461,0.3333333333333333,0.8404075302178391,0.5317387852103316
1672997,I’ve attempted to do this.,general_feedback,general_feedback,0.2654714237781687,1.0,ESCALATE,low intent confidence,"Thanks for reaching out. If the order is not too far in the shipping process, you can change the order information here:",I’ve attempted to do this.,"If the order is not too far in the shipping process, you can change the order information here:",0.0,0.75,0.0,0.8093107136677958,0.3838966070501693
1511915,Both my iPad and my iPhone and my wife’s iPhone and our desktop will try clearing the cache and cookies. Will that fix the app?,product_technical,product_technical,0.4273132438393074,1.0000000000000002,AUTO_HANDLE,intent confidence and historical evidence meet the automation criteria,Thanks for reaching out. What type of device are you using? Clearing cache and cookies or trying another web browser typically resolves most issues.,Both my iPad and my iPhone and my wife’s iPhone and our desktop will try clearing the cache and cookies. Will that fix the app?,What type of device are you using? Clearing cache and cookies or trying another web browser typically resolves most issues.,0.3,0.875,0.3333333333333333,0.8627308763190273,0.5923262981145208
2603082,Go to hell you loser you guys are good for nothing i am going to cancel the order and ll never return to shit bullshit website I am totally fed up with this website..,general_feedback,general_feedback,0.23276877588872447,1.0,ESCALATE,low intent confidence,"Thanks for reaching out. I understand your urgency, Shashank. As mentioned earlier, delivery dates are given taking a lot of factors into consideration. Please let us know if we've missed out on the delivery date.",Go to hell you loser you guys are good for nothing i am going to cancel the order and ll never return to shit bullshit website I am totally fed up with this website..,"I understand your urgency, Shashank. As mentioned earlier, delivery dates are given taking a lot of factors into consideration. Please let us know if we've missed out on the delivery date.",0.0,0.8947368421052632,0.6666666666666666,0.907760468105047,0.5826552982859324
1014700,Courier guy is misbehaving like gunda over phone call omg amazon hire such blunder who can harm us latter,customer_service,customer_service,0.22913340658718587,1.0000000000000002,ESCALATE,low intent confidence,Thanks for reaching out. That's not good. Try contacting us here: let us know how things go.,Courier guy is misbehaving like gunda over phone call omg amazon hire such blunder who can harm us latter,That's not good. Try contacting us here: let us know how things go.,0.0,0.75,1.0,0.7628693657641714,0.5769304048646257
2888204,Work on what ? I have no information about my order My 63000 Rs stuck with you people I think you guys don’t care about your customer at all,order_delivery,order_delivery,0.2425275164743511,1.0000000000000002,ESCALATE,low intent confidence,Thanks for reaching out. I get your disappointment. We'll be sure to work on it to provide a hassle free experience.,Work on what ? I have no information about my order My 63000 Rs stuck with you people I think you guys don’t care about your customer at all,I get your disappointment. We'll be sure to work on it to provide a hassle free experience.,0.14285714285714285,0.8,0.0,0.8093107136677958,0.4442537499073122
56930,"I will. Last time, I had asked to have my Prime acct. flagged to use any available alternate carrier. I'd rather have your own drivers, tbh.",prime,prime,0.721447068886092,1.0000000000000002,AUTO_HANDLE,intent confidence and historical evidence meet the automation criteria,Thanks for reaching out. We understand our choice of carrier reflects on our business. Please let us know if you have any further issues with UPS.,"I will. Last time, I had asked to have my Prime acct. flagged to use any available alternate carrier. I'd rather have your own drivers, tbh.",We understand our choice of carrier reflects on our business. Please let us know if you have any further issues with UPS.,0.14285714285714285,0.8461538461538461,0.6666666666666666,0.826253287234524,0.5962823154295009
2612223,It says tomorrow but I hadn’t even thought to check because the point of a pre-order is that you got it on the day of release no?,order_delivery,order_delivery,0.3152977690189835,1.0000000000000002,AUTO_HANDLE,intent confidence and historical evidence meet the automation criteria,"Thanks for reaching out. I am sorry to see this Jimi. Can I ask, what was the original delivery date given to you on the confirmation email you received when placing this order please?",It says tomorrow but I hadn’t even thought to check because the point of a pre-order is that you got it on the day of release no?,"I am sorry to see this Jimi. Can I ask, what was the original delivery date given to you on the confirmation email you received when placing this order please?",0.09090909090909091,0.8823529411764706,0.3333333333333333,0.8627308763190273,0.5321725547990127
759027,Arrived after I left.which does me no good as I had to purchase replacement item. Which I specifically asked your person if I’d need to do,order_delivery,order_delivery,0.2396762273733363,1.0,ESCALATE,low intent confidence,Thanks for reaching out. Sorry to hear it Grace- What is the status of your order now?,Arrived after I left.which does me no good as I had to purchase replacement item. Which I specifically asked your person if I’d need to do,Sorry to hear it Grace- What is the status of your order now?,0.07142857142857142,0.7777777777777778,0.0,0.7297276980311308,0.4031099483554632
1606840,"i mean, it’s silly to return. it’s still read-able. just surprising.",return_refund,return_refund,0.3621508660669035,1.0000000000000002,AUTO_HANDLE,intent confidence and historical evidence meet the automation criteria,Thanks for reaching out. Thanks for the information. Let's explore your return or replacement options here:,"i mean, it’s silly to return. it’s still read-able. just surprising.",Thanks for the information. Let's explore your return or replacement options here:,0.125,0.8888888888888888,0.0,0.8292332144844935,0.47299609328378506
2794253,"Says “arriving today” under one tab, then “arriving tomorrow” once you click it",order_delivery,order_delivery,0.2594472786608242,1.0,ESCALATE,low intent confidence,Thanks for reaching out. I certainly understand your concern. Items can ship anytime between the order date and delivery date. Have we missed the delivery dates stated in your confirmation e-mail:,"Says “arriving today” under one tab, then “arriving tomorrow” once you click it",I certainly understand your concern. Items can ship anytime between the order date and delivery date. Have we missed the delivery dates stated in your confirmation e-mail:,0.0,0.8947368421052632,0.0,0.9032306175341475,0.4486424873669642
438843,Will you not help me for refund of my money from Amazon. Details clear in the image.,return_refund,return_refund,0.5034394902659178,1.0,AUTO_HANDLE,intent confidence and historical evidence meet the automation criteria,Thanks for reaching out. Apologize for the hassle. Please fill in the details of your concern here: &amp; we'll help you.,Will you not help me for refund of my money from Amazon. Details clear in the image.,Apologize for the hassle. Please fill in the details of your concern here: &amp; we'll help you.,0.2222222222222222,0.8181818181818182,0.3333333333333333,0.7886507647472073,0.5379945844090508
2532194,Bizarre. Thank you for your response.,general_feedback,general_feedback,0.36562959709051557,1.0,AUTO_HANDLE,intent confidence and historical evidence meet the automation criteria,Thanks for reaching out. Nothing that we are aware of. We'd recommend contacting your ISP.,Bizarre. Thank you for your response.,Nothing that we are aware of. We'd recommend contacting your ISP.,0.25,0.75,0.3333333333333333,0.6853880419233518,0.5069748729551694
312115,Nobody attempted yet this msg... Again & again! Well I have to stop ordering from amazon till i get delivery assurance. Can't go on forever,order_delivery,order_delivery,0.29333379371055623,1.0,ESCALATE,low intent confidence,"Thanks for reaching out. You can revert to the email, Nishir. Our team will reach out to you. Do keep us posted.",Nobody attempted yet this msg... Again & again! Well I have to stop ordering from amazon till i get delivery assurance. Can't go on forever,"You can revert to the email, Nishir. Our team will reach out to you. Do keep us posted.",0.0,0.8,0.3333333333333333,0.7628693657641714,0.4610970715312923
926293,"sold through Amazon EU delivery due Thursday Notified of attempted delivery, they lied, again Friday, but had not, I have cctv to prove.",order_delivery,order_delivery,0.3202764876051393,1.0000000000000002,AUTO_HANDLE,intent confidence and historical evidence meet the automation criteria,Thanks for reaching out. I'm sorry about this! Could you tell us if the order was through a seller? You can find that here:,"sold through Amazon EU delivery due Thursday Notified of attempted delivery, they lied, again Friday, but had not, I have cctv to prove.",I'm sorry about this! Could you tell us if the order was through a seller? You can find that here:,0.07142857142857142,0.8461538461538461,0.0,0.6853880419233518,0.4203906238709203
2905001,Ok thanks for your help.,general_feedback,general_feedback,0.35947600749632097,1.0,AUTO_HANDLE,intent confidence and historical evidence meet the automation criteria,"Thanks for reaching out. Since the package was delivered today, give it some time for that order to appear and try to submit your packaging feedback in a few hours. Should it still not allow you to do so, contact us here and we can assist with the submission. :)","Ok, thanks for the help 👍👍","Since the package was delivered today, give it some time for that order to appear and try to submit your packaging feedback in a few hours. Should it still not allow you to do so, contact us here and we can assist with the submission. :)",0.6666666666666666,0.92,0.6666666666666666,0.8864984836093842,0.788308105874741
384159,Kindly check this I had fill a form,customer_service,customer_service,0.30214889839724124,1.0,AUTO_HANDLE,intent confidence and historical evidence meet the automation criteria,Thanks for reaching out. Kindly provide your details here: and I'll get back to you on this. 2/2,Kindly check this I had fill a form,Kindly provide your details here: and I'll get back to you on this. 2/2,0.4,0.7777777777777778,0.0,0.6853880419233518,0.495030428510725
1221830,405-5346082-8912369 It's an my product id... I don't need cheque I need refund my money back in my bank account ....,return_refund,return_refund,0.41576683095056693,1.0000000000000002,AUTO_HANDLE,intent confidence and historical evidence meet the automation criteria,Thanks for reaching out. We certainly don't want you to experience such a situation. Could you let us know if we missed on something?,405-5346082-8912369 It's an my product id... I don't need cheque I need refund my money back in my bank account ....,We certainly don't want you to experience such a situation. Could you let us know if we missed on something?,0.0,0.8181818181818182,0.3333333333333333,0.8093107136677958,0.4744269100804724
522470,do you need a photo for more help with figureing what im talking about?,customer_service,customer_service,0.23488297784426443,1.0,ESCALATE,low intent confidence,"Thanks for reaching out. Hi Rich, are these from our App store? If so, they will be fine to use.",do you need a photo for more help with figureing what im talking about?,"Hi Rich, are these from our App store? If so, they will be fine to use.",0.0,0.7777777777777778,0.0,0.7628693657641714,0.3866526270868479
1800828,Haven’t received any email from them and was hoping either to cancel or review the order but all this is not available now,order_delivery,order_delivery,0.2970092998080378,1.0,ESCALATE,low intent confidence,"Thanks for reaching out. Sorry for the issue with your account. Have you received an e-mail from our Account Specialists? If so, please reply there.",Haven’t received any email from them and was hoping either to cancel or review the order but all this is not available now,"Sorry for the issue with your account. Have you received an e-mail from our Account Specialists? If so, please reply there.",0.16666666666666666,0.8666666666666667,0.3333333333333333,0.826253287234524,0.5439379930851785
2826422,Amazon hub seized my US Mail and put it in the Hub at 8800 N IH-35. It was not an Amazon shipment or any vendor Amazon fronts for. It was a homemade birthday gift from a friend. I cannot get it from the Hub. This seems to me a violation of 18 USC sec. 1701.,customer_service,customer_service,0.24094296250273559,1.0,ESCALATE,low intent confidence,Thanks for reaching out. Hello Laurence. Without providing any personal information can you explain a bit more on what has happened? Thank you.,Amazon hub seized my US Mail and put it in the Hub at 8800 N IH-35. It was not an Amazon shipment or any vendor Amazon fronts for. It was a homemade birthday gift from a friend. I cannot get it from the Hub. This seems to me a violation of 18 USC sec. 1701.,Hello Laurence. Without providing any personal information can you explain a bit more on what has happened? Thank you.,0.0,0.8461538461538461,0.0,0.826253287234524,0.4200918392390247
2452872,U guys r just making people fool u r guys like big time scammers,general_feedback,general_feedback,0.2746026288498216,1.0,ESCALATE,low intent confidence,"Thanks for reaching out. Apologies, Could you please confirm if you've shared the details in the secured link here: ?",U guys r just making people fool u r guys like big time scammers,"Apologies, Could you please confirm if you've shared the details in the secured link here: ?",0.0,0.8181818181818182,0.3333333333333333,0.7886507647472073,0.47132791774238414
1427941,"Their twitter and facebook are listed, but I do not see any other way to contact them, which is why I took to twitter.",customer_service,customer_service,0.24922969800274836,1.0000000000000002,ESCALATE,low intent confidence,"Thanks for reaching out. The seller is in the best position to answer your question. To do that, go to the item page and click on their name.","Their twitter and facebook are listed, but I do not see any other way to contact them, which is why I took to twitter.","The seller is in the best position to answer your question. To do that, go to the item page and click on their name.",0.1111111111111111,0.8571428571428571,0.0,0.8093107136677958,0.4547299403835027
2335831,I am beyond that at the moment. All I want is my package -.- IT'S BEEN TWO WEEKS!,order_delivery,order_delivery,0.22863396108834194,1.0,ESCALATE,low intent confidence,"Thanks for reaching out. Please don’t provide your order details, we consider them as personal information. Our Twitter page is visible to public.",I am beyond that at the moment. All I want is my package -.- IT'S BEEN TWO WEEKS!,"Please don’t provide your order details, we consider them as personal information. Our Twitter page is visible to public.",0.0,0.8666666666666667,0.3333333333333333,0.8524143315538771,0.49786214973308157
2216888,You say this line and you ask me to return that item... then wait for 3-5 days for refund and then re order... I'm fed up of listening this bullshit . It's your mistake that you took 11 days and did nothing. I'm not gonna wait more.,return_refund,return_refund,0.4572645687743172,1.0000000000000004,AUTO_HANDLE,intent confidence and historical evidence meet the automation criteria,"Thanks for reaching out. Apologies for the unpleasant experience, I understand your concern and our team has already started working on your issue. Request you to kindly wait and we'll get back to you at the earliest.",You say this line and you ask me to return that item... then wait for 3-5 days for refund and then re order... I'm fed up of listening this bullshit . It's your mistake that you took 11 days and did nothing. I'm not gonna wait more.,"Apologies for the unpleasant experience, I understand your concern and our team has already started working on your issue. Request you to kindly wait and we'll get back to you at the earliest.",0.1111111111111111,0.8888888888888888,0.3333333333333333,0.8795507468800317,0.5430437231431158
269482,the troubleshooting attempts have been a complete fail !! My firestick is zapped out,product_technical,product_technical,0.4195011214597797,1.0000000000000002,AUTO_HANDLE,intent confidence and historical evidence meet the automation criteria,Thanks for reaching out. Uh oh! We're here for you. Give us a ring so we can try some troubleshooting and go over options:,the troubleshooting attempts have been a complete fail !! My firestick is zapped out,Uh oh! We're here for you. Give us a ring so we can try some troubleshooting and go over options:,0.125,0.7777777777777778,0.3333333333333333,0.7628693657641714,0.4908192937535145
2962751,"Yeah, I tired no help. They just keep saying that we promise it will be the right one next time. And well, it was wrong again. Seem like I am just a test subject so amazon can get their items correct. Very disappointed at what has become of",return_refund,return_refund,0.28575610854726363,0.9999999999999999,ESCALATE,low intent confidence,"Thanks for reaching out. Thanks for the info, Michael! Have you tried us by phone for real-time troubleshooting? If not, please call us here: so we can investigate this further for you! Keep us updated on this! We want to make sure you have been taken care of!","Yeah, I tired no help. They just keep saying that we promise it will be the right one next time. And well, it was wrong again. Seem like I am just a test subject so amazon can get their items correct. Very disappointed at what has become of","Thanks for the info, Michael! Have you tried us by phone for real-time troubleshooting? If not, please call us here: so we can investigate this further for you! Keep us updated on this! We want to make sure you have been taken care of!",0.07142857142857142,0.9583333333333334,0.6666666666666666,0.9045941094942247,0.6258676878527051
2184657,Um i did that and it just led me to contact the seller again which the seller isn’t messaging back is there a customer service number??? Just wanna know how i can either get refunded or my order?,customer_service,customer_service,0.24665405735312326,1.0000000000000002,ESCALATE,low intent confidence,Thanks for reaching out. It'd be best to reach out to us directly here: and we can look into it further.,Um i did that and it just led me to contact the seller again which the seller isn’t messaging back is there a customer service number??? Just wanna know how i can either get refunded or my order?,It'd be best to reach out to us directly here: and we can look into it further.,0.0,0.7777777777777778,0.3333333333333333,0.6853880419233518,0.44169709517739164
182573,clicked forgot password and didn't pass security qs (despite all answers being correct!) and now i am locked out.,account_login,account_login,0.7434791373970429,1.0000000000000004,ESCALATE,issue may require account-specific information,"Thanks for reaching out. Hi there! Just to clarify, what message are you receiving when you try to sign in to your account?",clicked forgot password and didn't pass security qs (despite all answers being correct!) and now i am locked out.,"Hi there! Just to clarify, what message are you receiving when you try to sign in to your account?",0.0,0.8333333333333334,0.3333333333333333,0.8093107136677958,0.4797299403835027
2766393,"DISPATCHING SOON. CANCELLATION ISN'T GUARANTEED. It's the fact you tell me the item will come on one day and then actually it won't, so why lie?",order_delivery,order_delivery,0.26576817413838666,1.0000000000000002,ESCALATE,low intent confidence,Thanks for reaching out. Has the order been dispatched? You can check the tracking here:,"DISPATCHING SOON. CANCELLATION ISN'T GUARANTEED. It's the fact you tell me the item will come on one day and then actually it won't, so why lie?",Has the order been dispatched? You can check the tracking here:,0.0,0.75,0.3333333333333333,0.6853880419233518,0.43197487295516934
1055245,"I cancelled but no refund was offered as my previous whinge was ignored. It's a pretty skanky way to get new customers, don't you think?",return_refund,return_refund,0.3461851418198701,1.0,AUTO_HANDLE,intent confidence and historical evidence meet the automation criteria,Thanks for reaching out. Apologies Janet. Have you since cancelled? Has a refund been processed?,"I cancelled but no refund was offered as my previous whinge was ignored. It's a pretty skanky way to get new customers, don't you think?",Apologies Janet. Have you since cancelled? Has a refund been processed?,0.2,0.8,0.0,0.7297276980311308,0.4494591547046696
2110292,"Was on the phone 35 minutes, no help",customer_service,customer_service,0.25943607774738486,1.0,ESCALATE,low intent confidence,Thanks for reaching out. Please reach out to us here via phone or chat: so we can troubleshoot this with you in real time. We want to help!,"Was on the phone 35 minutes, no help",Please reach out to us here via phone or chat: so we can troubleshoot this with you in real time. We want to help!,0.6666666666666666,0.8571428571428571,0.6666666666666666,0.8093107136677958,0.7547299403835027
1134984,We have not had any help from just lies and excuses,customer_service,return_refund,0.21494204118233395,1.0,ESCALATE,low intent confidence,"Thanks for reaching out. I'm very sorry for the poor experience! Without including any account details, can you tell us more about what's happened?",We have not had any help from just lies and excuses,"I'm very sorry for the poor experience! Without including any account details, can you tell us more about what's happened?",0.0,0.8666666666666667,0.0,0.8093107136677958,0.4247299403835027
2934371,Sold by AOKII Direct Store and Fulfilled by Amazon.,general_feedback,order_delivery,0.18909449049976979,1.0000000000000002,ESCALATE,low intent confidence,Thanks for reaching out. Was it sold directly by Amazon or a seller? You can check on your orders:,Sold by AOKII Direct Store and Fulfilled by Amazon.,Was it sold directly by Amazon or a seller? You can check on your orders:,0.3333333333333333,0.7777777777777778,0.3333333333333333,0.7628693657641714,0.5533192937535145
